,station_id,station_name,station_latitude,station_longitude,station_empty_slots,station_free_bikes,station_timestamp,station_uid,station_normal_bikes,station_has_ebikes,station_ebikes,station_slots,station_renting,station_returning,station_last_updated,Bar_FS,EV_Charging_Station_FS,Fuel_Station_FS,Park_FS,Parking_FS,Restaurant_FS,Transport_Hub_FS,Bar_yelp,EV_Charging_Station_yelp,Fuel_Station_yelp,Park_yelp,Parking_yelp,Restaurant_yelp,Transport_Hub_yelp
0,7a19c49f486d7c0c02b3685d7b240448,10th & Cambie,49.262487,-123.114397,14,21,2023-02-13 19:22:31.595000+00:00,1,17,True,4,35,True,True,1676316003,26.0,0.0,0.0,13.0,6.0,50.0,11.0,26.0,1.0,1.0,9.0,2.0,50.0,50.0
1,32603a87cfca71d0f7dfa3513bad69d5,Yaletown-Roundhouse Station,49.274566,-123.121817,7,9,2023-02-13 19:22:31.591000+00:00,4,8,True,1,16,True,True,1676315894,50.0,1.0,3.0,21.0,21.0,50.0,37.0,50.0,0.0,2.0,17.0,6.0,50.0,19.0
2,6d42fa40360f9a6b2bf641c7b8bb2862,Dunsmuir & Beatty,49.279764,-123.110154,13,13,2023-02-13 19:22:31.592000+00:00,5,13,True,0,26,True,True,1676315968,50.0,3.0,1.0,20.0,49.0,50.0,45.0,50.0,0.0,1.0,11.0,21.0,50.0,36.0
3,66f873d641d448bd1572ab086665a458,12th & Yukon (City Hall),49.260599,-123.113504,14,2,2023-02-13 19:22:31.593000+00:00,7,2,True,0,16,True,True,1676316133,27.0,0.0,2.0,12.0,6.0,50.0,12.0,28.0,1.0,3.0,11.0,2.0,50.0,50.0
4,485d4d24c803cfde829ab89699fed833,8th & Ash,49.264215,-123.117772,7,9,2023-02-13 19:22:31.604000+00:00,8,7,True,2,16,True,True,1676315653,19.0,0.0,0.0,14.0,6.0,46.0,11.0,11.0,1.0,0.0,10.0,2.0,50.0,50.0
5,b07d513f87897cff7319a0e59d7e567c,Spyglass & Seawall,49.270877,-123.115103,3,11,2023-02-13 19:22:31.604000+00:00,9,10,True,1,14,True,True,1676316111,40.0,0.0,0.0,21.0,12.0,50.0,19.0,50.0,1.0,1.0,13.0,4.0,50.0,50.0
6,d1c9556d92f329703229fb3e33899a3b,Stamps Landing,49.26893,-123.11813,12,2,2023-02-13 19:22:31.624000+00:00,10,2,True,0,14,True,True,1676315587,43.0,0.0,0.0,22.0,11.0,50.0,14.0,47.0,1.0,1.0,12.0,2.0,50.0,50.0
7,95e624191c655f50e401d280cd39a9ad,Ontario & Seawall,49.271721,-123.104207,13,7,2023-02-13 19:22:31.624000+00:00,11,6,True,1,20,True,True,1676315924,44.0,0.0,1.0,17.0,14.0,50.0,24.0,49.0,1.0,1.0,8.0,5.0,50.0,50.0
8,3e112f9fe877e0003780386359060ae6,Canada Place,49.287214,-123.11287,6,20,2023-02-13 19:22:31.622000+00:00,14,19,True,1,26,True,True,1676315914,50.0,4.0,3.0,12.0,49.0,50.0,50.0,50.0,0.0,0.0,6.0,20.0,50.0,30.0
9,6993b3dbb0758927967592ea612a2b1e,Granville & Georgia,49.282409,-123.118541,9,11,2023-02-13 19:22:31.621000+00:00,15,11,True,0,20,True,True,1676316058,50.0,4.0,6.0,19.0,50.0,50.0,50.0,50.0,0.0,2.0,12.0,21.0,50.0,33.0
10,bf8408067b0e0c963f3ff526977bcef3,Pender & Burrard,49.287097,-123.118551,13,13,2023-02-13 19:22:31.620000+00:00,16,12,True,1,26,True,True,1676316036,50.0,4.0,3.0,15.0,50.0,50.0,50.0,50.0,0.0,1.0,8.0,21.0,50.0,30.0
11,d2244f1a81d317c76cabd65e81250835,Marinaside & Davie,49.273471,-123.118016,2,20,2023-02-13 19:22:31.619000+00:00,17,19,True,1,22,True,True,1676316100,50.0,1.0,0.0,18.0,23.0,50.0,31.0,50.0,0.0,2.0,15.0,6.0,50.0,11.0
12,0b543fc4e694fe07a54dac48bb1b3390,Robson & Hornby,49.282758,-123.122092,22,7,2023-02-13 19:22:31.653000+00:00,19,5,True,2,30,True,True,1676316118,50.0,4.0,6.0,19.0,50.0,50.0,50.0,50.0,0.0,2.0,12.0,20.0,50.0,34.0
13,1b4c6f63f4bfbbd983992dbdca776865,Cordova & Granville,49.286042,-123.113176,1,21,2023-02-13 19:22:31.678000+00:00,21,21,True,0,22,True,True,1676316141,50.0,4.0,3.0,12.0,50.0,50.0,50.0,50.0,0.0,0.0,8.0,20.0,50.0,30.0
14,fbb1d30d7f30b049873f5be5688563d4,Hornby & Pender,49.28602,-123.116624,3,19,2023-02-13 19:22:31.691000+00:00,24,14,True,5,22,True,True,1676316036,50.0,4.0,3.0,13.0,50.0,50.0,50.0,50.0,0.0,1.0,10.0,20.0,50.0,30.0
15,7181df50ee1d1a05559399211382b7c8,Homer & Robson (Vancouver Public Library),49.279739,-123.116251,13,7,2023-02-13 19:22:31.692000+00:00,25,7,True,0,20,True,True,1676316134,50.0,4.0,6.0,19.0,50.0,50.0,50.0,50.0,0.0,2.0,16.0,19.0,50.0,31.0
16,2ef000bc9d4650d8cc6198c4d570b19f,Beatty & Robson,49.277483,-123.114279,15,3,2023-02-13 19:22:31.689000+00:00,26,2,True,1,20,True,True,1676316110,50.0,3.0,1.0,22.0,43.0,50.0,47.0,50.0,0.0,2.0,13.0,17.0,50.0,24.0
17,b7683a86874e6300fd89f4cc0b075f57,Beatty & Nelson,49.275679,-123.116963,8,6,2023-02-13 19:22:31.690000+00:00,27,5,True,1,14,True,True,1676316098,50.0,2.0,2.0,18.0,34.0,50.0,37.0,50.0,0.0,2.0,15.0,10.0,50.0,21.0
18,3367c1e1dbf73caf7c10e4c96a92f58d,Abbott & Cordova,49.282759,-123.106955,13,9,2023-02-13 19:22:31.388000+00:00,30,9,True,0,22,True,True,1676316033,50.0,3.0,1.0,11.0,45.0,50.0,43.0,50.0,0.0,0.0,10.0,21.0,50.0,27.0
19,1d7e73b3321ebb6713774d376247d9f9,Comox & Denman,49.288444,-123.139203,3,15,2023-02-13 19:22:31.397000+00:00,32,15,True,0,18,True,True,1676315642,29.0,0.0,0.0,24.0,5.0,50.0,11.0,33.0,0.0,0.0,13.0,2.0,50.0,2.0
20,664502c28e8147615f17b8ea355f40d0,Cordova & Bute,49.289124,-123.12196,5,12,2023-02-13 19:22:31.383000+00:00,34,10,True,2,14,True,True,1676316013,50.0,4.0,3.0,17.0,41.0,50.0,50.0,50.0,0.0,0.0,9.0,18.0,50.0,29.0
21,6c24a62b5ee0a2a8014eb0dfb6d40025,Hornby & Nelson,49.28062,-123.12482,15,3,2023-02-13 19:22:31.384000+00:00,37,1,True,2,18,True,True,1676316043,50.0,3.0,5.0,30.0,40.0,50.0,50.0,50.0,0.0,3.0,15.0,19.0,50.0,29.0
22,fad9ebcf614dd1a72593a34072ff76f8,Helmcken & Burrard,49.279938,-123.127478,3,12,2023-02-13 19:22:31.379000+00:00,39,10,True,2,15,True,True,1676315712,50.0,3.0,4.0,29.0,27.0,50.0,50.0,50.0,0.0,3.0,13.0,11.0,50.0,25.0
23,3a4131fa94946d93d3529136efd62413,Pacific & Richards,49.273663,-123.127075,13,1,2023-02-13 19:22:31.429000+00:00,44,1,True,0,14,True,True,1676316013,50.0,0.0,3.0,31.0,12.0,50.0,28.0,50.0,0.0,3.0,18.0,4.0,50.0,10.0
24,25318ec3e06fae1397a3a2f645104149,Chilco & Beach,49.28972,-123.144028,12,2,2023-02-13 19:22:31.431000+00:00,47,2,True,0,14,True,True,1676315670,13.0,0.0,0.0,19.0,2.0,50.0,4.0,18.0,0.0,0.0,11.0,0.0,50.0,2.0
25,444991edc9550be0908f032da5e3c95f,Comox & Broughton,49.285253,-123.134356,8,4,2023-02-13 19:22:31.413000+00:00,48,4,True,0,12,True,True,1676315950,38.0,1.0,3.0,27.0,16.0,50.0,36.0,50.0,0.0,2.0,11.0,3.0,50.0,13.0
26,434b6f4e7fc30198f901b60fc905f609,Bute & Comox,49.283343,-123.131099,15,7,2023-02-13 19:22:31.452000+00:00,50,7,True,0,22,True,True,1676315833,50.0,3.0,4.0,25.0,27.0,50.0,50.0,50.0,0.0,3.0,15.0,7.0,50.0,21.0
27,f97d5bf41f35aa181288429fb52e3488,Cambie & Water,49.284605,-123.108662,8,24,2023-02-13 19:22:31.451000+00:00,52,21,True,3,32,True,True,1676315973,50.0,4.0,3.0,13.0,50.0,50.0,50.0,50.0,0.0,1.0,9.0,21.0,50.0,30.0
28,fef69fb400210d861107a61db954d037,Keefer & Abbott,49.279821,-123.10802,2,26,2023-02-13 19:22:31.450000+00:00,53,22,True,4,28,True,True,1676316131,50.0,2.0,1.0,18.0,45.0,50.0,44.0,50.0,0.0,1.0,12.0,21.0,50.0,34.0
29,9d3123425823420514b8ad410074f02d,Expo & Carrall,49.278004,-123.105664,9,7,2023-02-13 19:22:31.457000+00:00,54,6,True,1,16,True,True,1676316049,50.0,0.0,1.0,20.0,38.0,50.0,42.0,50.0,0.0,1.0,11.0,18.0,50.0,24.0
30,f1ca711137cde59e824167a4274df888,Keefer & Columbia,49.279342,-123.101822,3,11,2023-02-13 19:22:31.456000+00:00,55,9,True,2,14,True,True,1676316133,50.0,0.0,2.0,13.0,27.0,50.0,26.0,50.0,0.0,0.0,11.0,15.0,50.0,18.0
31,4f6ebf2026d540ffe40e29a80138ad5e,Marinaside & Cooperage,49.273833,-123.114373,4,22,2023-02-13 19:22:31.453000+00:00,57,22,True,0,26,True,True,1676315857,50.0,1.0,0.0,19.0,26.0,50.0,32.0,50.0,0.0,2.0,14.0,7.0,50.0,16.0
32,be14efdc86dedd6a8cd338e78ab4e7c7,Bidwell & Burnaby,49.28526,-123.141809,7,19,2023-02-13 19:22:31.587000+00:00,60,19,True,0,26,True,True,1676316065,22.0,0.0,0.0,20.0,3.0,50.0,9.0,29.0,0.0,1.0,10.0,3.0,50.0,4.0
33,6ddeafa873279951630a00191333c45d,Robson & Granville,49.281506,-123.120101,17,13,2023-02-13 19:22:31.585000+00:00,63,10,True,3,30,True,True,1676315880,50.0,4.0,6.0,19.0,50.0,50.0,50.0,50.0,0.0,2.0,14.0,20.0,50.0,32.0
34,c7b5bec0b2f4ab9a2d3f9d837725620c,Expo & Smithe,49.276115,-123.114496,8,6,2023-02-13 19:22:31.574000+00:00,64,5,True,1,14,True,True,1676315880,50.0,2.0,1.0,22.0,39.0,50.0,36.0,50.0,0.0,2.0,13.0,11.0,50.0,19.0
35,b9fd847d53fe45658fee4c46e7f562b8,Cypress & Cornwall,49.272827,-123.147744,12,10,2023-02-13 19:22:31.575000+00:00,65,10,True,0,22,True,True,1676315931,23.0,0.0,7.0,17.0,1.0,50.0,6.0,22.0,0.0,8.0,9.0,1.0,50.0,4.0
36,c2be5403b1c101e8032cf6696457200e,Anderson & 2nd,49.269361,-123.13782,13,15,2023-02-13 19:22:31.574000+00:00,66,15,True,0,28,True,True,1676316108,24.0,0.0,8.0,30.0,5.0,50.0,15.0,32.0,0.0,7.0,12.0,1.0,50.0,5.0
37,71c064fa93cab5f0b7306e6c923b77c4,7th & Granville,49.2653,-123.13811,3,12,2023-02-13 19:22:31.591000+00:00,69,12,True,0,14,True,True,1676316090,18.0,0.0,7.0,21.0,6.0,50.0,13.0,21.0,0.0,6.0,10.0,1.0,50.0,4.0
38,96bf713e60bc35cc2feb5fd53a4f3471,10th & Granville,49.262598,-123.138921,11,3,2023-02-13 19:22:31.611000+00:00,70,1,True,2,14,True,True,1676315565,14.0,0.0,7.0,17.0,4.0,50.0,13.0,17.0,0.0,6.0,10.0,1.0,50.0,2.0
39,8dc684732a2a25bdf63ec0ecccee4e6e,14th & Granville,49.25894,-123.139272,5,9,2023-02-13 19:22:31.610000+00:00,71,5,True,4,14,True,True,1676315727,10.0,0.0,3.0,10.0,4.0,44.0,8.0,11.0,0.0,2.0,7.0,1.0,50.0,1.0
40,686c0fdb962e26e274d81fc286c010dd,14th & Cambie,49.258763,-123.115392,9,5,2023-02-13 19:22:31.613000+00:00,72,3,True,2,14,True,True,1676316029,12.0,0.0,0.0,13.0,5.0,43.0,11.0,10.0,1.0,0.0,11.0,2.0,50.0,50.0
41,0cf6cd1809fa7f510812f5b052f578c4,Ontario & 5th,49.266724,-123.104824,7,14,2023-02-13 19:22:31.612000+00:00,73,12,True,2,20,True,True,1676315973,35.0,0.0,3.0,15.0,3.0,50.0,26.0,33.0,1.0,3.0,10.0,1.0,50.0,50.0
42,93c88a18c673e2c72a6afa93d6b89f18,10th & Main,49.262141,-123.101961,15,3,2023-02-13 19:22:31.614000+00:00,74,1,True,2,18,True,True,1676315656,38.0,0.0,3.0,14.0,2.0,50.0,11.0,30.0,0.0,3.0,11.0,1.0,50.0,12.0
43,8fb5ce1e34ad31de940481953aea452c,Cypress & 4th,49.268269,-123.147885,8,10,2023-02-13 19:22:31.616000+00:00,76,10,True,0,18,True,True,1676316094,26.0,0.0,7.0,20.0,4.0,50.0,13.0,25.0,0.0,8.0,9.0,1.0,50.0,5.0
44,aa704bfba40286bd0661b64d1f75e778,Vanier Park,49.275717,-123.142564,3,25,2023-02-13 19:22:31.615000+00:00,77,25,True,0,28,True,True,1676316145,20.0,0.0,6.0,25.0,2.0,50.0,9.0,27.0,0.0,7.0,13.0,1.0,50.0,6.0
45,8c9ea7f2132376859ef34fab981d6932,Nelson & Mainland,49.276436,-123.11877,9,11,2023-02-13 19:22:31.618000+00:00,78,10,True,1,20,True,True,1676315968,50.0,3.0,3.0,19.0,37.0,50.0,44.0,50.0,0.0,2.0,14.0,11.0,50.0,23.0
46,1d4153659a0a0a2089078c739df6737d,Nelson & Richards,49.277844,-123.120942,9,9,2023-02-13 19:22:31.617000+00:00,79,3,True,6,18,True,True,1676316096,50.0,3.0,4.0,20.0,45.0,50.0,50.0,50.0,0.0,2.0,16.0,16.0,50.0,27.0
47,fbb4c06b719596c21f91fd51ef6d4710,7th & Heather,49.265089,-123.119425,4,14,2023-02-13 19:22:31.674000+00:00,81,12,True,2,18,True,True,1676316104,16.0,0.0,0.0,18.0,6.0,50.0,10.0,12.0,1.0,0.0,12.0,2.0,50.0,50.0
48,72c1049dfbbde7c24ec45c14f1a5ee85,Harwood & Bute,49.28026,-123.135244,20,0,2023-02-13 19:22:31.671000+00:00,88,0,True,0,20,True,True,1676315727,50.0,0.0,4.0,27.0,9.0,50.0,27.0,50.0,0.0,3.0,13.0,2.0,50.0,8.0
49,00fa94ad698dc4a9e4d708d6fd32f294,Chilco & Barclay,49.291909,-123.140713,18,0,2023-02-13 19:22:31.719000+00:00,92,0,True,0,18,False,False,0,20.0,0.0,0.0,22.0,4.0,50.0,11.0,22.0,0.0,0.0,12.0,2.0,50.0,3.0
50,efa947b901a2cf85b58320b3ad26a2fe,Chilco & Robson,49.293257,-123.138563,9,7,2023-02-13 19:22:31.718000+00:00,93,7,True,0,16,True,True,1676316029,20.0,0.0,0.0,22.0,5.0,50.0,12.0,25.0,0.0,0.0,12.0,2.0,50.0,3.0
51,66a53e9c32e4f5c724f9478240020142,Nicola & Robson,49.288011,-123.132006,11,7,2023-02-13 19:22:31.716000+00:00,96,7,True,0,18,True,True,1676316083,50.0,1.0,3.0,24.0,21.0,50.0,38.0,50.0,0.0,1.0,14.0,5.0,50.0,14.0
52,97b25faf822b93fdbf72da1d594c0288,Carrall & Hastings,49.28117,-123.104419,0,18,2023-02-13 19:22:31.715000+00:00,98,15,True,3,18,True,True,1676316081,50.0,1.0,2.0,14.0,39.0,50.0,40.0,50.0,0.0,0.0,8.0,18.0,50.0,22.0
53,6c7fb9043e6df5a4cc50404581a947b9,šxʷƛ̓ənəq Xwtl'e7énḵ Square - Vancouver Art Gallery,49.283227,-123.120523,21,6,2023-02-13 19:22:31.714000+00:00,99,4,True,2,28,True,True,1676315804,50.0,4.0,6.0,19.0,50.0,50.0,50.0,50.0,0.0,2.0,12.0,20.0,50.0,32.0
54,30bf49544b1c864688b78172d42cca5e,Stanley Park - Vancouver Aquarium,49.299292,-123.130281,6,10,2023-02-13 19:22:31.502000+00:00,101,10,True,0,16,True,True,1676315862,5.0,0.0,0.0,9.0,1.0,27.0,6.0,8.0,0.0,0.0,9.0,0.0,50.0,4.0
55,9f63cebac9073eac3e90be2b9a91b02b,Stanley Park - Second Beach North,49.29534,-123.150433,4,12,2023-02-13 19:22:31.507000+00:00,102,10,True,2,16,True,True,1676316006,4.0,0.0,0.0,13.0,0.0,6.0,0.0,10.0,0.0,0.0,4.0,0.0,50.0,0.0
56,9aa325529164ec68b4d96c4f1c4fc7c1,Stanley Park - Second Beach South,49.294318,-123.148808,10,8,2023-02-13 19:22:31.498000+00:00,104,7,True,1,18,True,True,1676316058,8.0,0.0,0.0,14.0,1.0,31.0,1.0,10.0,0.0,0.0,6.0,0.0,50.0,0.0
57,e3d32ad772a5898c3b96c4d23d2cd542,Stanley Park - Totem Poles,49.298657,-123.121176,10,10,2023-02-13 19:22:31.496000+00:00,105,10,True,0,20,True,True,1676315847,6.0,0.0,0.0,8.0,0.0,7.0,5.0,7.0,0.0,0.0,4.0,1.0,47.0,5.0
58,625a2ad202275c8e2be3ce868e85b105,Heather & 14th,49.259183,-123.120126,10,8,2023-02-13 19:22:31.501000+00:00,106,8,True,0,18,True,True,1676315978,10.0,0.0,0.0,11.0,5.0,50.0,9.0,5.0,1.0,0.0,9.0,2.0,50.0,50.0
59,6c0de983fb47a3439a9e3c36a3d15804,8th & Ontario,49.263837,-123.105173,13,3,2023-02-13 19:22:31.499000+00:00,107,3,True,0,16,True,True,1676316093,38.0,0.0,3.0,12.0,4.0,50.0,15.0,33.0,1.0,3.0,10.0,1.0,50.0,50.0
60,92c9e62c0b42adf4759c430009d3987a,1st & Chestnut,49.270721,-123.146175,17,9,2023-02-13 19:22:31.493000+00:00,108,8,True,1,26,True,True,1676315723,27.0,0.0,8.0,23.0,2.0,50.0,12.0,25.0,0.0,8.0,11.0,1.0,50.0,4.0
61,51e4d3731aebbf9c3186f310a08de6c8,7th & Arbutus,49.265605,-123.152566,7,9,2023-02-13 19:22:31.492000+00:00,109,9,True,0,16,True,True,1676315559,21.0,0.0,10.0,13.0,0.0,50.0,8.0,22.0,0.0,8.0,6.0,0.0,50.0,4.0
62,826af7eee4ce28b6fa4b4f0211305792,5th & Arbutus,49.267222,-123.153157,11,5,2023-02-13 19:22:31.447000+00:00,110,5,True,0,16,True,True,1676315995,21.0,0.0,7.0,13.0,0.0,50.0,8.0,20.0,0.0,7.0,7.0,0.0,50.0,3.0
63,4cb84c9a3743287019ae00ceef9a1cd3,10th & Oak,49.262255,-123.126217,13,13,2023-02-13 19:22:31.446000+00:00,112,3,True,10,30,True,True,1676316079,11.0,0.0,1.0,14.0,9.0,50.0,13.0,15.0,1.0,0.0,9.0,2.0,49.0,50.0
64,56fef9ba0af67a4ff3e661a8e02c0b08,Arbutus & 16th,49.257654,-123.153212,25,15,2023-02-13 19:22:31.447000+00:00,113,5,True,10,40,True,True,1676315957,6.0,0.0,6.0,9.0,0.0,23.0,3.0,10.0,0.0,3.0,7.0,0.0,50.0,2.0
65,c81f75a80312c51ceaef1304beac1990,Cypress & 14th,49.25919,-123.148268,9,3,2023-02-13 19:22:31.449000+00:00,114,3,True,0,12,True,True,1676316119,13.0,0.0,8.0,12.0,3.0,48.0,5.0,13.0,0.0,4.0,9.0,1.0,50.0,3.0
66,afacb2133f2462aba7748cc21b71c788,Cypress & 16th,49.25741,-123.148531,5,7,2023-02-13 19:22:31.450000+00:00,115,5,True,2,12,True,True,1676315667,10.0,0.0,6.0,9.0,3.0,46.0,5.0,11.0,0.0,3.0,8.0,1.0,50.0,4.0
67,a9f0b06d07f89b75e92c0cf686223aea,Georgia & Thurlow,49.285953,-123.124066,4,8,2023-02-13 19:22:31.419000+00:00,123,8,True,0,12,True,True,1676315636,50.0,4.0,6.0,20.0,45.0,50.0,50.0,50.0,0.0,1.0,11.0,20.0,50.0,28.0
68,686b314a6c3348efd2297d6b3dfed1a7,Thurlow & Pendrell,49.280881,-123.130672,14,1,2023-02-13 19:22:31.416000+00:00,126,1,True,0,16,True,True,1676316142,50.0,3.0,4.0,28.0,25.0,50.0,47.0,50.0,0.0,3.0,17.0,6.0,50.0,20.0
69,0d1b5c62f8d22e3650811df55596e25b,Heather & 16th,49.256845,-123.120071,6,5,2023-02-13 19:22:31.398000+00:00,130,5,True,0,12,True,True,1676315604,9.0,0.0,0.0,8.0,5.0,50.0,7.0,5.0,1.0,2.0,8.0,2.0,50.0,50.0
70,521c2122c791ed038168c3b8ff24061b,14th & Ontario,49.25849,-123.104799,9,7,2023-02-13 19:22:31.381000+00:00,132,5,True,2,16,True,True,1676315941,31.0,0.0,2.0,12.0,2.0,50.0,6.0,32.0,1.0,2.0,10.0,1.0,50.0,50.0
71,838d5bb59963474ad08a6d5b156943ed,14th & Main,49.258425,-123.100792,9,5,2023-02-13 19:22:31.369000+00:00,134,5,True,0,14,True,True,1676315610,30.0,0.0,2.0,14.0,1.0,50.0,7.0,31.0,0.0,2.0,11.0,1.0,50.0,9.0
72,b9ab6ce009eda6006ade1d7568d9db9c,David Lam Park - West,49.270905,-123.126006,5,13,2023-02-13 19:22:31.378000+00:00,136,13,True,0,18,True,True,1676316147,48.0,0.0,3.0,28.0,10.0,50.0,27.0,50.0,1.0,3.0,17.0,3.0,50.0,50.0
73,9ec4163496363b31ab475cb851b57b21,Beach & Seymour,49.273568,-123.129935,9,9,2023-02-13 19:22:31.379000+00:00,137,9,True,0,18,True,True,1676316080,50.0,0.0,4.0,32.0,10.0,50.0,28.0,50.0,0.0,3.0,17.0,2.0,50.0,10.0
74,fedff7a263c182df94bda7307059cc52,Richards & Helmcken,49.277141,-123.122589,14,2,2023-02-13 19:22:31.701000+00:00,138,1,True,1,18,True,True,1676315949,50.0,3.0,3.0,23.0,34.0,50.0,42.0,50.0,0.0,2.0,16.0,15.0,50.0,26.0
75,b9baf685b7053de899bf3467f61c2781,Burrard & 4th,49.267859,-123.145782,6,10,2023-02-13 19:22:31.709000+00:00,139,10,True,0,16,True,True,1676316026,30.0,0.0,9.0,23.0,4.0,50.0,13.0,27.0,0.0,8.0,10.0,1.0,50.0,6.0
76,8d6f0cbf7d44d2908c8ce73ed00dbf66,Burrard & 7th,49.265336,-123.145823,9,7,2023-02-13 19:22:31.399000+00:00,140,7,True,0,16,True,True,1676316117,26.0,0.0,8.0,17.0,5.0,50.0,13.0,26.0,0.0,8.0,9.0,1.0,50.0,6.0
77,988f8f74c4a12d1a30ddf2f7cd6318f8,South False Creek Seawall,49.267628,-123.127698,4,10,2023-02-13 19:22:31.400000+00:00,143,7,True,3,14,True,True,1676315996,37.0,0.0,1.0,20.0,9.0,50.0,19.0,42.0,1.0,2.0,12.0,2.0,49.0,50.0
78,2f09a64507cf6257c67ca20af27339eb,Chestnut & McNicoll,49.275938,-123.145939,14,2,2023-02-13 19:22:31.402000+00:00,147,2,True,0,16,True,True,1676315902,20.0,0.0,5.0,20.0,2.0,49.0,5.0,21.0,0.0,6.0,9.0,0.0,50.0,4.0
79,73f388336d879bedc962cd412eb0296e,Creekside Park North,49.2756,-123.102661,8,8,2023-02-13 19:22:31.404000+00:00,148,7,True,1,18,True,True,1676316071,50.0,0.0,2.0,18.0,19.0,50.0,28.0,50.0,0.0,1.0,8.0,8.0,50.0,18.0
80,cb6fddfdac7d350d25be475c7ab9e05a,Alexander & Main,49.284157,-123.099917,7,13,2023-02-13 19:22:31.667000+00:00,150,6,True,7,20,True,True,1676316036,50.0,0.0,2.0,9.0,24.0,50.0,19.0,50.0,0.0,0.0,7.0,12.0,50.0,11.0
81,cadc004f0903ef45e898032143c0832f,Arbutus Greenway & 14th,49.258924,-123.152591,13,7,2023-02-13 19:22:31.712000+00:00,152,6,True,1,20,True,True,1676315630,8.0,0.0,6.0,8.0,0.0,31.0,4.0,13.0,0.0,4.0,8.0,0.0,50.0,2.0
82,57e928d8c30fab0ebffb3ede850f89d6,Arbutus Greenway & Fir,49.266774,-123.141135,4,12,2023-02-13 19:22:31.713000+00:00,153,8,True,4,16,True,True,1676316057,21.0,0.0,8.0,20.0,5.0,50.0,13.0,23.0,0.0,8.0,10.0,1.0,50.0,5.0
83,6526a2eb3832f9ba0224d237e901ea5b,Kitsilano Beach Park,49.273355,-123.154493,14,24,2023-02-13 19:22:31.711000+00:00,154,22,True,2,39,True,True,1676315771,12.0,0.0,4.0,13.0,0.0,50.0,4.0,12.0,0.0,5.0,6.0,0.0,50.0,1.0
84,e44c2235dd603dbee54fe08f7543e85a,Arbutus & McNicoll,49.276144,-123.151272,11,19,2023-02-13 19:22:31.711000+00:00,155,14,True,5,30,True,True,1676316016,11.0,0.0,4.0,10.0,0.0,42.0,4.0,10.0,0.0,6.0,7.0,0.0,50.0,1.0
85,3596b4831ee2ea7812de753b32306835,Vine & 4th,49.268339,-123.157443,11,7,2023-02-13 19:22:31.720000+00:00,159,7,True,0,18,True,True,1676315968,19.0,0.0,9.0,16.0,0.0,50.0,3.0,16.0,0.0,9.0,8.0,0.0,50.0,3.0
86,c448b73d92f7f8e1daafb3b9c5fbe6a6,Alexander & Dunlevy,49.284062,-123.095097,10,4,2023-02-13 19:22:31.602000+00:00,161,3,True,1,14,True,True,1676316142,50.0,0.0,1.0,9.0,8.0,50.0,8.0,46.0,0.0,0.0,6.0,4.0,50.0,3.0
87,5fc29e0ac42c11abb45bf12aaeb925bd,Alder & 11th,49.261742,-123.13148,7,7,2023-02-13 19:22:31.702000+00:00,166,3,True,4,14,True,True,1676316137,10.0,0.0,1.0,19.0,7.0,49.0,11.0,15.0,0.0,0.0,12.0,2.0,49.0,1.0
88,61901a235d4cfceb7f8f2c3888b98617,10th & Columbia,49.262206,-123.109091,9,5,2023-02-13 19:22:31.565000+00:00,172,4,True,1,14,True,True,1676315870,42.0,0.0,3.0,15.0,6.0,50.0,13.0,32.0,1.0,3.0,11.0,2.0,50.0,50.0
89,175a074bf65455d1633639511dc129c8,1st & Manitoba,49.27023,-123.10651,27,4,2023-02-13 19:22:31.566000+00:00,174,4,True,0,32,True,True,1676315955,43.0,0.0,1.0,17.0,8.0,50.0,27.0,50.0,1.0,1.0,13.0,3.0,50.0,50.0
90,35eb539fb9298bb7e4f6759ca0256505,10th & Ontario,49.262062,-123.104656,6,14,2023-02-13 19:22:31.568000+00:00,176,7,True,7,20,True,True,1676315885,39.0,0.0,3.0,13.0,4.0,50.0,14.0,30.0,1.0,3.0,10.0,1.0,50.0,50.0
91,7b8dfa12900bcb02b47a14e4e5010ba3,Quebec & 1st,49.27033,-123.10275,6,14,2023-02-13 19:22:31.569000+00:00,177,13,True,1,20,True,True,1676316082,40.0,0.0,1.0,17.0,7.0,50.0,21.0,43.0,0.0,1.0,9.0,3.0,50.0,14.0
92,b30ed0719dd281867a4d39779c78b58a,Columbia & 14th,49.258902,-123.109596,10,4,2023-02-13 19:22:31.572000+00:00,180,4,True,0,14,True,True,1676316078,32.0,0.0,2.0,13.0,5.0,50.0,9.0,31.0,1.0,2.0,13.0,2.0,50.0,50.0
93,e1a4d91fdae7e18483373f648141e53e,Bute & Davie,49.282224,-123.132778,16,2,2023-02-13 19:22:31.570000+00:00,187,2,True,0,20,True,True,1676316130,50.0,2.0,4.0,23.0,21.0,50.0,41.0,50.0,0.0,3.0,13.0,6.0,50.0,17.0
94,ace20c241ee38643c9060f290b215b9d,7th & Laurel,49.265071,-123.123864,4,10,2023-02-13 19:22:31.538000+00:00,191,8,True,2,14,True,True,1676316107,17.0,0.0,1.0,18.0,7.0,50.0,11.0,13.0,1.0,0.0,10.0,2.0,49.0,50.0
95,3aed670ccdcd94b966c0f505f8b028c7,7th &  Alder,49.265198,-123.131043,12,4,2023-02-13 19:22:31.535000+00:00,192,4,True,0,16,True,True,1676315613,19.0,0.0,1.0,23.0,9.0,50.0,11.0,20.0,0.0,0.0,11.0,2.0,49.0,3.0
96,ae69aeab748d02e5a7d89da28a1a8511,Science World,49.273691,-123.102232,3,13,2023-02-13 19:22:31.536000+00:00,193,12,True,1,16,True,True,1676315870,46.0,0.0,2.0,14.0,15.0,50.0,26.0,50.0,0.0,1.0,7.0,7.0,50.0,14.0
97,0c9ad3e3703e5869b82619ecdf54f43e,1st & Scotia,49.2685027,-123.0975014,4,16,2023-02-13 19:22:31.541000+00:00,197,13,True,3,20,True,True,1676316116,35.0,0.0,3.0,15.0,2.0,50.0,22.0,29.0,0.0,3.0,8.0,1.0,50.0,11.0
98,852212d6d52b5f00544fad01d21c7db2,Georgia & Main,49.278529,-123.100017,8,12,2023-02-13 19:22:31.530000+00:00,199,12,True,0,20,True,True,1676315940,50.0,0.0,1.0,14.0,20.0,50.0,26.0,50.0,0.0,0.0,11.0,12.0,50.0,19.0
99,f3708906ec71348f5a42579fede36a0d,Shaw Tower,49.288682,-123.11818,6,9,2023-02-13 19:22:31.478000+00:00,201,9,True,0,18,True,True,1676316008,50.0,4.0,3.0,13.0,45.0,50.0,50.0,50.0,0.0,0.0,4.0,19.0,50.0,28.0
100,d145b7498709289702095a4a2fcb2e03,Pine & 14th,49.258864,-123.14353,12,0,2023-02-13 19:22:31.477000+00:00,203,0,True,0,12,False,False,0,10.0,0.0,8.0,13.0,3.0,46.0,5.0,13.0,0.0,4.0,7.0,1.0,50.0,4.0
101,9449a6a83fbf88452e384350e5ac95b7,York & Yew,49.271741,-123.155421,15,5,2023-02-13 19:22:31.472000+00:00,204,5,True,0,20,True,True,1676315882,16.0,0.0,6.0,12.0,0.0,47.0,5.0,16.0,0.0,9.0,6.0,0.0,50.0,1.0
102,365da33e9ce06ea53db1173a0f8eae71,Pine & 10th,49.262822,-123.14338,16,4,2023-02-13 19:22:31.474000+00:00,205,4,True,0,20,True,True,1676315933,16.0,0.0,11.0,17.0,4.0,50.0,13.0,22.0,0.0,8.0,9.0,1.0,50.0,5.0
103,707c1c54e0278fbae5d0ae3c42a25b71,8th & Scotia,49.263635,-123.099236,5,6,2023-02-13 19:22:31.470000+00:00,206,6,True,0,12,True,True,1676315741,36.0,0.0,3.0,13.0,2.0,50.0,11.0,29.0,0.0,3.0,11.0,1.0,50.0,4.0
104,5105df3dd0daf4c26980f4134f61e5cc,Alberni & Jervis,49.28763,-123.127245,13,7,2023-02-13 19:22:31.471000+00:00,207,6,True,1,20,True,True,1676316107,50.0,4.0,5.0,22.0,30.0,50.0,50.0,50.0,0.0,1.0,13.0,12.0,50.0,23.0
105,82c794442f54fabf9db6e392ca1fac0f,Stanley Park - Information Booth,49.297933,-123.130758,9,11,2023-02-13 19:22:31.485000+00:00,209,11,True,0,20,True,True,1676315947,5.0,0.0,0.0,10.0,3.0,42.0,6.0,11.0,0.0,0.0,10.0,1.0,50.0,4.0
106,2ca388bba54706770900ca2a9d7aa5be,14th & Alder,49.258819,-123.131317,6,8,2023-02-13 19:22:31.525000+00:00,211,8,True,0,14,True,True,1676315736,6.0,0.0,1.0,10.0,7.0,49.0,7.0,9.0,0.0,0.0,11.0,2.0,49.0,2.0
107,e7bf01431a6982f032996ad50a9e5bd7,Pender & Gore,49.280284,-123.097052,5,9,2023-02-13 19:22:31.668000+00:00,213,9,True,0,14,True,True,1676315881,50.0,0.0,1.0,15.0,16.0,50.0,19.0,50.0,0.0,0.0,9.0,4.0,50.0,13.0
108,1648ead5ea617d2cea115869d9516f5e,Carrall & Seawall,49.276294,-123.106534,4,14,2023-02-13 19:22:31.704000+00:00,218,13,True,1,18,True,True,1676315885,50.0,0.0,2.0,19.0,28.0,50.0,34.0,50.0,0.0,1.0,13.0,13.0,50.0,22.0
109,91035fe1d70b65c9cb8ec4a007af7c7f,Glen & Union,49.277469,-123.081315,5,8,2023-02-13 19:22:31.692000+00:00,221,7,True,1,14,True,True,1676315714,16.0,0.0,5.0,7.0,0.0,45.0,9.0,18.0,0.0,3.0,5.0,0.0,50.0,6.0
110,d3aaff4414a8c3fd5480c470f77ff68a,Adanac & McLean,49.277665,-123.073653,1,21,2023-02-13 19:22:31.484000+00:00,222,19,True,2,22,True,True,1676315873,23.0,0.0,4.0,7.0,0.0,50.0,9.0,17.0,0.0,6.0,2.0,0.0,50.0,6.0
111,b307709b305dd04328fbbf2c6db86419,Commercial & Adanac,49.277436,-123.070427,13,3,2023-02-13 19:22:31.694000+00:00,223,2,True,1,16,True,True,1676315828,24.0,0.0,4.0,7.0,0.0,50.0,9.0,20.0,0.0,8.0,3.0,0.0,50.0,5.0
112,e9c4bd1fffbb1e5b058b8ea15f7307f6,Pender & Commercial,49.280332,-123.070068,8,8,2023-02-13 19:22:31.699000+00:00,224,7,True,1,16,True,True,1676315861,18.0,0.0,4.0,6.0,0.0,50.0,8.0,13.0,0.0,5.0,4.0,0.0,50.0,6.0
113,bb0847559ce71c93d8215c0997ea2811,Keefer & Princess,49.279369,-123.091241,8,6,2023-02-13 19:22:31.677000+00:00,229,5,True,1,14,True,True,1676316123,34.0,0.0,2.0,11.0,3.0,50.0,17.0,34.0,0.0,2.0,8.0,3.0,50.0,11.0
114,1ef5c4ff3f0b09422bb1597fd9d7568b,Alexander & Railway,49.283992,-123.091206,11,9,2023-02-13 19:22:31.487000+00:00,230,8,True,1,20,True,True,1676315987,38.0,0.0,2.0,6.0,3.0,50.0,4.0,33.0,0.0,2.0,6.0,3.0,50.0,2.0
115,ac3b8198f03754a0afb8b6ed6d220cdd,Napier & Commercial,49.274881,-123.069323,7,7,2023-02-13 19:22:31.407000+00:00,231,2,True,5,14,True,True,1676316120,17.0,0.0,5.0,11.0,0.0,50.0,7.0,18.0,0.0,7.0,6.0,0.0,50.0,5.0
116,029a505bd4422a1afd127987757f71a6,Britannia Parking Lot,49.275882,-123.071865,3,11,2023-02-13 19:22:31.403000+00:00,232,11,True,0,14,True,True,1676315865,22.0,0.0,5.0,9.0,0.0,50.0,9.0,18.0,0.0,5.0,4.0,0.0,50.0,5.0
117,0459b7e93703980b853cd65a9dc60596,Thornton & National,49.273777,-123.092723,8,6,2023-02-13 19:22:31.435000+00:00,233,5,True,1,14,True,True,1676315587,24.0,0.0,2.0,13.0,4.0,50.0,23.0,37.0,0.0,1.0,7.0,3.0,50.0,13.0
118,a21f40838346e300063bdda3c5c04105,Keith & 6th,49.265005,-123.079481,18,10,2023-02-13 19:22:31.608000+00:00,236,7,True,3,28,True,True,1676316003,13.0,0.0,6.0,11.0,1.0,42.0,6.0,16.0,0.0,3.0,9.0,0.0,50.0,4.0
119,209fb233aff275020a640c8c40a18d90,Glen & 6th,49.265024,-123.08127,12,8,2023-02-13 19:22:31.513000+00:00,237,8,True,0,20,True,True,1676315654,8.0,0.0,6.0,10.0,1.0,41.0,6.0,16.0,0.0,3.0,8.0,0.0,50.0,4.0
120,6b1622540fe5c85d365754dd8c20bf0c,Grant & Commercial,49.271377,-123.069416,11,3,2023-02-13 19:22:31.669000+00:00,239,1,True,2,14,True,True,1676315689,15.0,0.0,4.0,11.0,0.0,50.0,7.0,16.0,0.0,5.0,6.0,0.0,50.0,6.0
121,ebc551adb0fc1a684f4080e4954a9ba4,2nd & Commercial,49.268616,-123.069908,16,6,2023-02-13 19:22:31.643000+00:00,240,5,True,1,22,True,True,1676316055,15.0,0.0,5.0,12.0,0.0,50.0,5.0,16.0,0.0,5.0,7.0,0.0,50.0,4.0
122,6eaa02e5bcf78db5386683d38fa2dabd,4th & Commercial,49.266969,-123.069936,7,7,2023-02-13 19:22:31.657000+00:00,241,5,True,2,14,True,True,1676315628,15.0,0.0,8.0,13.0,0.0,49.0,3.0,16.0,0.0,6.0,7.0,0.0,50.0,3.0
123,983e58671adcc67af94457d7887dbb15,8th & Commercial,49.263242,-123.070521,21,17,2023-02-13 19:22:31.481000+00:00,242,14,True,3,38,True,True,1676315800,12.0,0.0,7.0,15.0,0.0,50.0,2.0,13.0,0.0,6.0,9.0,0.0,50.0,2.0
124,797ff1725f8d2b18337de51e240ff60d,10th & Commercial,49.261403,-123.070102,22,4,2023-02-13 19:22:31.666000+00:00,244,3,True,1,26,True,True,1676315630,8.0,0.0,5.0,14.0,0.0,44.0,3.0,9.0,0.0,6.0,8.0,0.0,50.0,1.0
125,277b4b4881bdb7dac73012672179def8,Woodland & 10th,49.261263,-123.073707,10,4,2023-02-13 19:22:31.599000+00:00,245,4,True,0,14,True,True,1676316146,5.0,0.0,7.0,16.0,0.0,42.0,3.0,6.0,0.0,4.0,6.0,0.0,50.0,1.0
126,e1ff428dadc7c32141b9d89a7b56728a,Glen & Broadway,49.262242,-123.081459,12,6,2023-02-13 19:22:31.594000+00:00,246,5,True,1,18,True,True,1676316120,8.0,0.0,6.0,13.0,1.0,37.0,6.0,13.0,0.0,3.0,6.0,0.0,50.0,2.0
127,012d3e06901cc222b1c2cf0a2ace3a29,St George & Broadway,49.262321,-123.09306,8,6,2023-02-13 19:22:31.458000+00:00,248,5,True,1,14,True,True,1676315845,29.0,0.0,3.0,9.0,2.0,50.0,8.0,28.0,0.0,3.0,10.0,0.0,50.0,4.0
128,a6455af6b689bcbad07ae2c8a3419b50,7th & Woodland,49.264251,-123.073853,10,2,2023-02-13 19:22:31.603000+00:00,249,2,True,0,12,True,True,1676315604,13.0,0.0,6.0,12.0,0.0,50.0,5.0,14.0,0.0,4.0,7.0,0.0,50.0,3.0
129,475627e149c1a6ba73caac8d8d2fa617,Woodland & 4th,49.266751,-123.073501,11,4,2023-02-13 19:22:31.606000+00:00,250,3,True,1,14,True,True,1676316147,14.0,0.0,6.0,12.0,0.0,50.0,5.0,16.0,0.0,4.0,6.0,0.0,50.0,3.0
130,f387ec226c432c5c054e3d3616d90501,Woodland & Graveley,49.270684,-123.073562,7,5,2023-02-13 19:22:31.655000+00:00,252,0,True,5,12,True,True,1676316036,16.0,0.0,3.0,11.0,0.0,50.0,8.0,16.0,0.0,2.0,6.0,0.0,50.0,6.0
131,1675a77b9af656faf527b4e6de53e63b,Charles & Woodland,49.2731,-123.0732,5,9,2023-02-13 19:22:31.607000+00:00,253,6,True,3,14,True,True,1676316021,16.0,0.0,4.0,11.0,0.0,50.0,8.0,17.0,0.0,5.0,5.0,0.0,50.0,6.0
132,1bca0e944a4faf170db82793414b03ab,18th & Main,49.254667,-123.101389,10,6,2023-02-13 19:22:31.625000+00:00,255,5,True,1,16,True,True,1676315767,27.0,0.0,2.0,11.0,1.0,49.0,4.0,28.0,0.0,4.0,9.0,1.0,50.0,9.0
133,d0782213f003ce9eb276fbceff44f1f4,Prince Edward & 16th,49.256694,-123.096579,9,5,2023-02-13 19:22:31.642000+00:00,256,1,True,4,14,True,True,1676316074,30.0,0.0,2.0,13.0,1.0,50.0,5.0,27.0,0.0,4.0,13.0,1.0,50.0,2.0
134,1ef01f2f89621d51afbabaa6296e55be,Prince Edward & 14th,49.258352,-123.096337,9,5,2023-02-13 19:22:31.640000+00:00,257,5,True,0,14,True,True,1676315727,30.0,0.0,2.0,14.0,1.0,50.0,6.0,30.0,0.0,2.0,13.0,1.0,50.0,1.0
135,c47a1f62ea461ce1c9f3e2478c657df6,13th & St George,49.258817,-123.092797,5,11,2023-02-13 19:22:31.570000+00:00,258,8,True,3,16,True,True,1676315683,29.0,0.0,2.0,15.0,2.0,50.0,5.0,29.0,0.0,2.0,9.0,0.0,50.0,42.0
136,0cee06d7d10f7d3162cea03d22b7beed,10th & Fraser,49.26151,-123.089413,10,4,2023-02-13 19:22:31.459000+00:00,260,0,True,4,14,True,True,1676315903,24.0,0.0,6.0,11.0,2.0,50.0,7.0,25.0,0.0,6.0,8.0,0.0,50.0,4.0
137,f62bc2bfe9a0a563d5b6745ce6d962ba,8th & Fraser,49.263382,-123.088837,10,6,2023-02-13 19:22:31.460000+00:00,261,6,True,0,16,True,True,1676316015,22.0,0.0,7.0,10.0,2.0,44.0,7.0,23.0,0.0,6.0,7.0,0.0,50.0,6.0
138,1c8f7fd6535db12cc45cfc59aa9da058,St Catherines & 10th,49.261353,-123.085333,9,3,2023-02-13 19:22:31.489000+00:00,265,3,True,0,12,True,True,1676316069,11.0,0.0,5.0,13.0,2.0,27.0,5.0,8.0,0.0,3.0,9.0,0.0,50.0,4.0
139,17a3320a52bcc62161908967f8a06613,St Catherines & 7th,49.264466,-123.085183,15,5,2023-02-13 19:22:31.490000+00:00,266,4,True,1,20,True,True,1676315690,9.0,0.0,6.0,12.0,2.0,25.0,6.0,7.0,0.0,3.0,9.0,0.0,50.0,7.0
140,aed214941445e0345aa3254805a9e8b8,Pender & Victoria,49.280197,-123.065859,12,4,2023-02-13 19:22:31.561000+00:00,272,2,True,2,16,True,True,1676315640,18.0,0.0,4.0,8.0,0.0,50.0,5.0,15.0,0.0,5.0,4.0,0.0,50.0,5.0
141,d67640af1b3b3b3ce47169dbc9182470,Victoria & 4th,49.266725,-123.065925,11,5,2023-02-13 19:22:31.560000+00:00,273,0,True,5,16,True,True,1676315955,14.0,0.0,7.0,9.0,0.0,50.0,2.0,16.0,0.0,6.0,7.0,0.0,50.0,3.0
142,b2c6aaf2b4fa8937bfe3941c038683aa,Victoria & 10th,49.261188,-123.066009,8,4,2023-02-13 19:22:31.559000+00:00,274,1,True,3,12,True,True,1676316065,6.0,0.0,5.0,12.0,0.0,50.0,1.0,6.0,0.0,6.0,7.0,0.0,50.0,1.0
143,0a43242bee10cd33f539af2c1bf5ecbf,15th & Victoria (Trout Lake),49.256857,-123.065646,12,5,2023-02-13 19:22:31.432000+00:00,278,4,True,1,18,True,True,1676315730,4.0,0.0,4.0,8.0,0.0,45.0,2.0,2.0,0.0,3.0,6.0,0.0,50.0,0.0
144,198810b9b0af5d229d1b6fa12c620e06,Triumph & Victoria,49.283986,-123.065264,10,6,2023-02-13 19:22:31.467000+00:00,280,6,True,0,16,True,True,1676316112,15.0,0.0,3.0,6.0,0.0,50.0,4.0,10.0,0.0,5.0,3.0,0.0,50.0,3.0
145,d02e2eaafda91425eddd24d8acd328ab,Windsor & 14th,49.257985,-123.083366,8,6,2023-02-13 19:22:31.468000+00:00,281,4,True,2,14,True,True,1676315989,11.0,0.0,4.0,10.0,0.0,34.0,4.0,7.0,0.0,2.0,9.0,0.0,50.0,42.0
146,08c7a90bf297fde8c1f1156db13987d4,14th & Fraser,49.257939,-123.089531,14,2,2023-02-13 19:22:31.464000+00:00,282,0,True,2,16,True,True,1676315570,24.0,0.0,6.0,13.0,1.0,50.0,4.0,26.0,0.0,5.0,9.0,0.0,50.0,42.0
147,97005696a3dff3366a8410b817388990,15th & Knight,49.256496,-123.075426,7,7,2023-02-13 19:22:31.465000+00:00,283,6,True,1,14,True,True,1676315930,5.0,0.0,4.0,12.0,1.0,43.0,6.0,2.0,0.0,3.0,7.0,0.0,50.0,43.0
148,c52e51e3288a00993bdf892fdc2c2c2c,Commercial & Pandora,49.283236,-123.070443,4,12,2023-02-13 19:22:31.462000+00:00,285,11,True,1,16,True,True,1676315995,15.0,0.0,4.0,6.0,0.0,47.0,6.0,8.0,0.0,5.0,2.0,0.0,50.0,4.0
149,7d231a181d21056e4ba80c4d9939fe92,Carolina & Great Northern Way,49.267266,-123.090786,6,10,2023-02-13 19:22:31.462000+00:00,287,10,True,0,16,True,True,1676316107,21.0,0.0,3.0,10.0,2.0,45.0,21.0,25.0,0.0,6.0,5.0,0.0,50.0,13.0
150,dcf3d5c9f1b3a46f0ef2eb2247931f89,6th & Prince Edward,49.265242,-123.095577,11,5,2023-02-13 19:22:31.522000+00:00,297,5,True,0,16,True,True,1676315986,30.0,0.0,3.0,13.0,2.0,50.0,21.0,28.0,0.0,3.0,12.0,1.0,50.0,10.0
151,9bee3167f10c884044cea0d36afcd1ef,6th & Carolina,49.265213,-123.090785,10,6,2023-02-13 19:22:31.514000+00:00,298,5,True,1,16,True,True,1676316058,22.0,0.0,5.0,10.0,2.0,50.0,9.0,24.0,0.0,6.0,8.0,0.0,50.0,13.0
152,45a4c865db23e1cad0209afa5a799de0,Stanley Park - Third Beach Parking Lot,49.302577,-123.155616,23,15,2023-02-13 19:22:31.505000+00:00,103,14,True,1,38,True,True,1676315944,0.0,0.0,0.0,4.0,0.0,2.0,0.0,0.0,0.0,0.0,1.0,0.0,2.0,0.0
153,fe0c57d04d6e682d284d501446095fc9,Union & Dunlevy,49.277595,-123.09583,10,6,2023-02-13 19:22:31.670000+00:00,212,6,True,0,16,True,True,1676316145,50.0,0.0,2.0,14.0,9.0,50.0,21.0,50.0,0.0,1.0,8.0,4.0,50.0,14.0
154,b10d422b045805f1c350c47c983381e8,Keefer & Hawks,49.279235,-123.087528,3,13,2023-02-13 19:22:31.676000+00:00,228,13,True,0,16,True,True,1676315567,28.0,0.0,2.0,4.0,2.0,50.0,22.0,24.0,0.0,2.0,5.0,1.0,50.0,14.0
155,4e8fdc99e77ba1b70d90e124a704d0c1,Hawks & Union,49.277333,-123.087359,9,7,2023-02-13 19:22:31.703000+00:00,219,7,True,0,16,True,True,1676315740,25.0,0.0,2.0,5.0,2.0,50.0,23.0,26.0,0.0,3.0,5.0,1.0,50.0,15.0
156,b562f08327af465e4531e20226789489,Charles & Commercial,49.273103,-123.069892,17,5,2023-02-13 19:22:31.389000+00:00,235,1,True,4,22,True,True,1676315798,16.0,0.0,3.0,11.0,0.0,50.0,6.0,19.0,0.0,7.0,7.0,0.0,50.0,6.0
157,4ac99b928a91d8ccb785c9d0b805adb6,10th & Kingsway,49.261973,-123.09725,13,6,2023-02-13 19:22:31.571000+00:00,186,3,True,3,20,True,True,1676316113,31.0,0.0,3.0,15.0,2.0,50.0,9.0,28.0,0.0,3.0,11.0,1.0,50.0,3.0
158,99c81f71db35911c79a86a1c5edc5604,Beach & Hornby,49.275295,-123.132585,12,6,2023-02-13 19:22:31.430000+00:00,45,5,True,1,18,True,True,1676315879,50.0,0.0,4.0,35.0,7.0,50.0,26.0,50.0,0.0,7.0,15.0,2.0,50.0,14.0
159,e12234b6f1299d178f34bffaca92f043,Burrard Station (Melville & Dunsmuir),49.285871,-123.12105,13,15,2023-02-13 19:22:31.598000+00:00,2,15,True,0,28,True,True,1676315965,50.0,4.0,6.0,17.0,50.0,50.0,50.0,50.0,0.0,1.0,11.0,20.0,50.0,30.0
160,5a34495280727a5b50b9aa41e14e9a16,Bute & Barclay,49.284893,-123.128685,10,4,2023-02-13 19:22:31.408000+00:00,300,4,True,0,14,True,True,1676315629,50.0,3.0,5.0,29.0,32.0,50.0,50.0,50.0,0.0,2.0,12.0,11.0,50.0,24.0
161,9130f9aa3bb037a04c17e6f2630327e5,8th & Yukon,49.263962,-123.112621,9,13,2023-02-13 19:22:31.562000+00:00,170,13,True,0,22,True,True,1676316011,32.0,0.0,2.0,14.0,6.0,50.0,16.0,29.0,1.0,3.0,8.0,2.0,50.0,50.0
162,9a48ca226f82f52d02707b054ebc7e9e,Princess & Union,49.277615,-123.091654,6,6,2023-02-13 19:22:31.532000+00:00,215,6,True,0,12,True,True,1676315887,31.0,0.0,1.0,13.0,3.0,50.0,19.0,36.0,0.0,4.0,8.0,3.0,50.0,13.0
163,b3bb9f58d3530d33a1a09b6be9e973e0,Dunsmuir & Richards,49.282214,-123.114101,9,13,2023-02-13 19:22:31.623000+00:00,12,11,True,2,22,True,True,1676315570,50.0,4.0,3.0,20.0,50.0,50.0,50.0,50.0,0.0,1.0,12.0,20.0,50.0,32.0
164,c2f4e05c01ea0d27934ac7dbc50cbd0c,5th & Main,49.266456,-123.100324,7,13,2023-02-13 19:22:31.528000+00:00,198,12,True,1,20,True,True,1676315991,38.0,0.0,3.0,16.0,3.0,50.0,22.0,31.0,0.0,3.0,10.0,1.0,50.0,18.0
165,9a5478470b56379c31cf4e671584d5cc,3rd & Quebec,49.268216,-123.103168,2,17,2023-02-13 19:22:31.510000+00:00,119,17,True,0,20,True,True,1676315987,36.0,0.0,3.0,17.0,3.0,50.0,23.0,32.0,1.0,3.0,8.0,1.0,50.0,50.0
166,257715b845828e027ff35dd0f11c971e,Richards & Cordova,49.284554,-123.111031,8,16,2023-02-13 19:22:31.418000+00:00,124,14,True,2,24,True,True,1676315836,50.0,4.0,3.0,14.0,50.0,50.0,50.0,50.0,0.0,1.0,9.0,21.0,50.0,30.0
167,910027847876403b57f1013c16504688,Richards & Robson,49.280216,-123.117639,11,11,2023-02-13 19:22:31.430000+00:00,129,9,True,2,22,True,True,1676315822,50.0,4.0,6.0,19.0,50.0,50.0,50.0,50.0,0.0,2.0,13.0,20.0,50.0,31.0
168,06487275cd19694152824c7c3088e8ff,Olympic Village Station,49.266314,-123.116011,10,16,2023-02-13 19:22:31.593000+00:00,6,15,True,1,26,True,True,1676316119,21.0,0.0,0.0,20.0,7.0,50.0,13.0,23.0,1.0,0.0,12.0,2.0,50.0,50.0
169,b428c0e64d9b9fdb3bf8e85c95ffdf6b,Campbell & Hastings,49.280852,-123.084746,6,8,2023-02-13 19:22:31.511000+00:00,227,7,True,1,14,True,True,1676315658,16.0,0.0,3.0,5.0,1.0,34.0,7.0,13.0,0.0,2.0,5.0,1.0,50.0,12.0
170,d085c6749a32517e1fb0d070e4128402,Cardero & Davie,49.285512,-123.1384,15,3,2023-02-13 19:22:31.427000+00:00,40,3,True,0,18,True,True,1676316075,31.0,0.0,3.0,22.0,7.0,50.0,19.0,44.0,0.0,1.0,12.0,3.0,50.0,4.0
171,a6aec7b8c25da4c02829cd7839b8933d,Aquatic Centre,49.27821,-123.136972,12,22,2023-02-13 19:22:31.676000+00:00,83,22,True,0,35,True,True,1676315759,35.0,0.0,4.0,29.0,5.0,50.0,21.0,50.0,0.0,4.0,13.0,1.0,50.0,6.0
172,c924f6a41b130fad49cfae47271314bc,Beach & Broughton,49.281301,-123.139108,6,16,2023-02-13 19:22:31.672000+00:00,84,15,True,1,22,True,True,1676316018,26.0,0.0,4.0,23.0,3.0,48.0,12.0,44.0,0.0,2.0,11.0,3.0,50.0,4.0
173,8e93d0da1ee6caadf21ed9575b5fa9da,Beach & Cardero,49.283298,-123.142288,1,20,2023-02-13 19:22:31.401000+00:00,142,18,True,2,22,True,True,1676316145,24.0,0.0,1.0,24.0,2.0,49.0,4.0,29.0,0.0,2.0,12.0,2.0,50.0,5.0
174,9413725a5d3bb5ce2ad0682b07a3ffab,Georgia & Homer,49.280787,-123.115271,16,2,2023-02-13 19:22:31.405000+00:00,305,1,True,1,18,True,True,1676315871,50.0,4.0,4.0,18.0,50.0,50.0,50.0,50.0,0.0,1.0,14.0,21.0,50.0,29.0
175,7ed043a19e6a4ece742fe747b663bdbf,Columbia & 5th,49.266476,-123.109389,4,14,2023-02-13 19:22:31.605000+00:00,165,14,True,0,18,True,True,1676315994,32.0,0.0,3.0,16.0,5.0,50.0,16.0,44.0,1.0,3.0,10.0,2.0,50.0,50.0
176,ce5dccf5a0f190bb4567a2fd93e7971e,Haro & Denman,49.290587,-123.13625,4,14,2023-02-13 19:22:31.421000+00:00,122,14,True,0,20,True,True,1676316139,28.0,0.0,0.0,21.0,7.0,50.0,18.0,38.0,0.0,0.0,12.0,2.0,50.0,2.0
177,844aa75af0d3235a86ff827c81395afd,Stanley Park - Prospect Point,49.312568,-123.144177,16,6,2023-02-13 19:22:31.504000+00:00,100,5,True,1,22,True,True,1676316026,0.0,0.0,0.0,2.0,0.0,3.0,0.0,0.0,0.0,0.0,2.0,0.0,1.0,0.0
178,1d442ad1a71774c82688a45954e47bfd,Arbutus & 10th,49.262835,-123.152626,13,5,2023-02-13 19:22:31.613000+00:00,75,5,True,0,18,True,True,1676315824,18.0,0.0,10.0,12.0,1.0,50.0,6.0,19.0,0.0,8.0,6.0,0.0,50.0,3.0
179,2781435bde344e1b64f1bebac6bc9008,Ontario & 16th,49.256825,-123.105234,10,4,2023-02-13 19:22:31.382000+00:00,133,0,True,4,14,True,True,1676315939,32.0,0.0,2.0,14.0,2.0,50.0,6.0,30.0,1.0,2.0,10.0,1.0,50.0,50.0
180,e9b37f2d9b7b2e2e3ade73f13acb69b2,Richards & Davie,49.275683,-123.124388,8,6,2023-02-13 19:22:31.675000+00:00,82,4,True,2,14,True,True,1676316120,50.0,2.0,3.0,26.0,19.0,50.0,38.0,50.0,0.0,3.0,17.0,10.0,50.0,20.0
181,fffd87607aaae16fbb1f71615cbe7d17,8th & Prince Edward,49.263518,-123.09568,11,6,2023-02-13 19:22:31.495000+00:00,262,5,True,1,18,True,True,1676316083,30.0,0.0,3.0,13.0,2.0,50.0,12.0,29.0,0.0,3.0,11.0,1.0,50.0,3.0
182,da8b6e94f90ad41a3f8de10596992372,Jervis & Robson,49.28691,-123.128818,18,1,2023-02-13 19:22:31.708000+00:00,310,1,True,0,20,True,True,1676315729,50.0,4.0,5.0,25.0,27.0,50.0,50.0,50.0,0.0,1.0,13.0,11.0,50.0,22.0
183,32f70f7ae14ba87523c6286a6c4d5c37,Smithe & Burrard,49.282503,-123.124697,12,8,2023-02-13 19:22:31.533000+00:00,217,7,True,1,20,True,True,1676315948,50.0,4.0,6.0,25.0,45.0,50.0,50.0,50.0,0.0,3.0,12.0,20.0,50.0,31.0
184,df5ab349a7a85d4b10da4cc3ec65c607,Broughton & Davie,49.283749,-123.136133,18,1,2023-02-13 19:22:31.673000+00:00,87,0,True,1,22,True,True,1676315983,35.0,0.0,4.0,21.0,13.0,50.0,24.0,50.0,0.0,2.0,11.0,3.0,50.0,5.0
185,e0318460138ffbf4692005d5b5a9f900,Cypress & 10th,49.262944,-123.148109,9,5,2023-02-13 19:22:31.590000+00:00,68,5,True,0,14,True,True,1676315948,17.0,0.0,11.0,14.0,3.0,50.0,12.0,22.0,0.0,8.0,10.0,1.0,50.0,5.0
186,db51c556fe50ec1deefbc9697c70cb51,Granville Island,49.27029,-123.135025,7,13,2023-02-13 19:22:31.573000+00:00,189,9,True,4,20,True,True,1676315728,27.0,0.0,6.0,32.0,5.0,50.0,17.0,48.0,0.0,9.0,13.0,3.0,50.0,8.0
187,58a026f0c506caec20697a4f90538450,McLean & Pender,49.280427,-123.074082,7,9,2023-02-13 19:22:31.700000+00:00,225,5,True,4,16,True,True,1676315997,18.0,0.0,4.0,6.0,0.0,50.0,9.0,11.0,0.0,5.0,3.0,0.0,50.0,6.0
188,0e0aef6fabaa808b3a3cef24657257a4,Richards & Smithe,49.279259,-123.119145,16,2,2023-02-13 19:22:31.448000+00:00,58,0,True,2,18,True,True,1676315867,50.0,4.0,6.0,19.0,50.0,50.0,50.0,50.0,0.0,2.0,15.0,20.0,50.0,30.0
189,90c746df94ce1a12f1f617acfe4a8ce3,Bute & Robson,49.285836,-123.127265,11,15,2023-02-13 19:22:31.387000+00:00,36,13,True,2,26,True,True,1676316128,50.0,4.0,5.0,24.0,37.0,50.0,50.0,50.0,0.0,1.0,13.0,12.0,50.0,23.0
190,80b5c12ef21fd47275d37b2c9935249c,Trafalgar & Cornwall,49.272969,-123.164325,14,6,2023-02-13 19:22:31.588000+00:00,460,6,True,0,20,True,True,1676316065,8.0,0.0,1.0,10.0,0.0,39.0,1.0,13.0,0.0,1.0,5.0,0.0,50.0,0.0
191,899f59a9994302e8e1e4be01117ef707,Alma & Point Grey,49.27247,-123.185643,20,4,2023-02-13 19:22:31.706000+00:00,410,2,True,2,24,True,True,1676315587,4.0,0.0,1.0,4.0,0.0,34.0,1.0,9.0,0.0,0.0,4.0,0.0,50.0,0.0
192,8d2d5bb3b9142f781f2a7f441e6bad7a,Point Grey & Blenheim,49.271471,-123.17731,8,6,2023-02-13 19:22:31.482000+00:00,440,6,True,0,14,True,True,1676315989,10.0,0.0,1.0,11.0,0.0,45.0,2.0,13.0,0.0,2.0,6.0,0.0,50.0,0.0
193,5de0fe55497681d4cc9dd25509cf51ab,Hastings & Broughton,49.290112,-123.127062,11,12,2023-02-13 19:22:31.383000+00:00,35,12,True,0,24,True,True,1676315966,45.0,2.0,2.0,23.0,21.0,50.0,44.0,50.0,0.0,0.0,11.0,10.0,50.0,21.0
194,2681455ba2d97283998a806b14d3e95c,Yew & Broadway,49.263523,-123.155267,12,6,2023-02-13 19:22:31.705000+00:00,484,4,True,2,18,True,True,1676316138,18.0,0.0,11.0,9.0,0.0,50.0,4.0,13.0,0.0,11.0,5.0,0.0,50.0,3.0
195,064a7b39b1dbc4bfc4cf8f454e360c57,8th & Macdonald,49.264928,-123.168068,15,7,2023-02-13 19:22:31.508000+00:00,452,7,True,0,22,True,True,1676316064,12.0,0.0,3.0,12.0,0.0,42.0,3.0,14.0,0.0,3.0,9.0,0.0,50.0,2.0
196,9c1397c06e07bf74fc049f1a0872eea0,Balaclava & Broadway,49.264483,-123.173926,2,16,2023-02-13 19:22:31.479000+00:00,444,14,True,2,18,True,True,1676315887,11.0,0.0,5.0,10.0,0.0,50.0,3.0,13.0,0.0,3.0,9.0,0.0,50.0,0.0
197,9763838317308a4766b83696986a157b,Dunbar & Broadway,49.264579,-123.18373,24,2,2023-02-13 19:22:31.707000+00:00,415,1,True,1,26,True,True,1676316128,8.0,0.0,2.0,6.0,0.0,50.0,2.0,10.0,0.0,0.0,6.0,0.0,50.0,0.0
198,c64ee19c62a363019ddbaedf71df2882,Grandview & Commercial,49.263746,-123.069892,10,6,2023-02-13 19:22:31.626000+00:00,254,4,True,2,16,True,True,1676316146,12.0,0.0,7.0,15.0,0.0,50.0,2.0,14.0,0.0,6.0,9.0,0.0,50.0,3.0
199,421516af381a11f54d07fc79be68d3d3,14th & Oak,49.258761,-123.127071,10,3,2023-02-13 19:22:31.475000+00:00,202,3,True,0,14,True,True,1676316050,10.0,0.0,1.0,13.0,8.0,50.0,7.0,11.0,1.0,0.0,8.0,2.0,49.0,50.0
200,38f045e3f43f86eae42ca4c60257ade0,Wallace & 4th,49.268974,-123.190701,9,9,2023-02-13 19:22:31.662000+00:00,401,8,True,1,18,True,True,1676315953,4.0,0.0,2.0,3.0,0.0,41.0,1.0,7.0,0.0,0.0,5.0,0.0,40.0,0.0
201,5ba6e9725b1b0ee8cd25df976e47726b,Balsam & Cornwall,49.273011,-123.159663,13,7,2023-02-13 19:22:31.610000+00:00,470,7,True,0,20,True,True,1676316145,13.0,0.0,1.0,10.0,0.0,49.0,0.0,14.0,0.0,4.0,6.0,0.0,50.0,1.0
202,f90ed7ad754ec04b7852941a480a4c77,Balaclava & 6th,49.266924,-123.173849,8,8,2023-02-13 19:22:31.445000+00:00,443,7,True,1,16,True,True,1676315595,11.0,0.0,4.0,10.0,0.0,48.0,3.0,13.0,0.0,2.0,8.0,0.0,50.0,0.0
203,abfaf72456a4828a22f5bf60d3a80777,Trafalgar & Broadway,49.264326,-123.164725,8,8,2023-02-13 19:22:31.380000+00:00,464,8,True,0,16,True,True,1676316011,11.0,0.0,4.0,12.0,0.0,50.0,2.0,13.0,0.0,5.0,7.0,0.0,50.0,2.0
204,2ff7eb4230654603592ab1b0780ec5e1,Dunbar & 6th,49.266636,-123.183661,10,6,2023-02-13 19:22:31.707000+00:00,414,4,True,2,16,True,True,1676315901,9.0,0.0,2.0,5.0,0.0,50.0,2.0,10.0,0.0,0.0,5.0,0.0,50.0,0.0
205,ea9485fcdce0611243474d000e4ad248,18th & Cambie,49.254818,-123.114785,20,4,2023-02-13 19:22:31.433000+00:00,531,0,True,4,24,True,True,1676315985,6.0,0.0,0.0,11.0,3.0,38.0,4.0,13.0,1.0,2.0,9.0,2.0,50.0,50.0
206,671ce9e4a92063620f772d2c57f0f3ab,Blenheim & 4th,49.268837,-123.177633,18,6,2023-02-13 19:22:31.436000+00:00,431,6,True,0,23,True,True,1676315756,11.0,0.0,4.0,10.0,0.0,50.0,2.0,13.0,0.0,2.0,7.0,0.0,50.0,0.0
207,41a55a7e2908fbbd65175b794d26bc8d,18th & Heather,49.255034,-123.120226,9,7,2023-02-13 19:22:31.524000+00:00,511,7,True,0,16,True,True,1676316146,6.0,0.0,4.0,8.0,4.0,47.0,6.0,5.0,1.0,2.0,6.0,2.0,50.0,50.0
208,a59924f0ff3fb481a7bd8a5e9c36858f,Point Grey & Bayswater,49.271044,-123.170661,8,8,2023-02-13 19:22:31.557000+00:00,450,4,True,4,16,True,True,1676315958,8.0,0.0,2.0,11.0,0.0,41.0,3.0,11.0,0.0,2.0,6.0,0.0,50.0,0.0
209,89a0b49a66e54a7639ad960962148a3e,20th & Main,49.252691,-123.101289,10,6,2023-02-13 19:22:31.438000+00:00,561,5,True,1,16,True,True,1676315689,24.0,0.0,3.0,11.0,0.0,49.0,3.0,25.0,0.0,4.0,9.0,0.0,50.0,7.0
210,44fc3d58831a9f2b919c7a3a1838b74a,Station & Terminal,49.272172,-123.097978,10,8,2023-02-13 19:22:31.517000+00:00,354,8,True,0,18,True,True,1676315619,30.0,0.0,2.0,17.0,7.0,50.0,23.0,37.0,0.0,1.0,10.0,2.0,50.0,14.0
211,d40db8c27c5bd409d57cfa846f73c378,Jericho Beach,49.271082,-123.191458,14,20,2023-02-13 19:22:31.659000+00:00,400,19,True,1,34,True,True,1676316134,3.0,0.0,2.0,4.0,0.0,36.0,1.0,6.0,0.0,0.0,5.0,0.0,39.0,0.0
212,4990fe5772f3b73eebeec125b41e478e,Burrard & Drake,49.27808,-123.130557,19,5,2023-02-13 19:22:31.671000+00:00,89,5,True,0,24,True,True,1676315982,50.0,2.0,4.0,32.0,16.0,50.0,34.0,50.0,0.0,3.0,14.0,5.0,50.0,19.0
213,bf96df77771ef0ed710d8e0e67917f45,Columbia & 1st,49.269969,-123.109623,9,13,2023-02-13 19:22:31.565000+00:00,173,13,True,0,24,True,True,1676315885,42.0,0.0,1.0,20.0,10.0,50.0,26.0,50.0,1.0,2.0,12.0,2.0,50.0,50.0
214,e75e83499d3fa2e174dc2a8ffd238119,Davie & Beach,49.287528,-123.142139,3,27,2023-02-13 19:22:31.693000+00:00,28,24,True,3,30,True,True,1676316103,21.0,0.0,0.0,21.0,3.0,50.0,9.0,27.0,0.0,1.0,12.0,2.0,50.0,3.0
215,0438114d2e6b96118de69bc9775bb21e,Morton & Denman,49.28803,-123.142135,20,6,2023-02-13 19:22:31.388000+00:00,31,6,True,0,26,True,True,1676315865,20.0,0.0,0.0,22.0,3.0,50.0,10.0,27.0,0.0,1.0,12.0,1.0,50.0,2.0
216,07b13214cb69f2ec007d888450f3d6bc,13th & Cambie,49.259579,-123.114769,11,3,2023-02-13 19:22:31.710000+00:00,311,1,True,2,14,True,True,1676315711,15.0,0.0,0.0,13.0,6.0,46.0,12.0,16.0,1.0,0.0,11.0,2.0,50.0,50.0
217,f5e8fa1fc4252bda2f93dd27ed2d603f,Nelson & Denman,49.2890705989865,-123.138407369468,2,15,2023-02-13 19:22:31.717000+00:00,313,15,True,0,18,True,True,1676315944,29.0,0.0,0.0,24.0,6.0,50.0,12.0,30.0,0.0,0.0,12.0,2.0,50.0,2.0
218,c2a9c5d0e4578b928554c86f3d2c1162,Melville & Bute,49.287782,-123.12395,5,9,2023-02-13 19:22:31.537000+00:00,190,9,True,0,14,True,True,1676316045,50.0,4.0,4.0,20.0,43.0,50.0,50.0,50.0,0.0,1.0,11.0,20.0,50.0,27.0
219,5f45325fdd6334a4c0d3b62853b19fa6,Seymour & Cordova,49.28512,-123.11242,0,19,2023-02-13 19:22:31.521000+00:00,308,16,True,3,19,True,True,1676315240,50.0,4.0,3.0,14.0,50.0,50.0,50.0,50.0,0.0,1.0,9.0,20.0,50.0,30.0
220,085a0e120a08a80a58c0ae0ff9da565a,Arbutus & Nanton,49.247854,-123.153422,13,5,2023-02-13 19:22:31.601000+00:00,480,2,True,3,18,True,True,1676316136,1.0,0.0,1.0,3.0,1.0,3.0,0.0,0.0,0.0,1.0,7.0,0.0,1.0,0.0
221,8d5f47f01d7ad668419dfe9b7fe69c9a,Yukon & 6th,49.265939,-123.1129,7,9,2023-02-13 19:22:31.563000+00:00,171,3,True,6,18,True,True,1676315759,28.0,0.0,1.0,16.0,6.0,50.0,15.0,35.0,1.0,3.0,10.0,2.0,50.0,50.0
222,bede4b24dae115d4cd43d2e6cc9812cb,11th & Kingsway,49.261122,-123.097571,7,4,2023-02-13 19:22:31.557000+00:00,179,2,True,2,16,True,True,1676316109,29.0,0.0,3.0,14.0,2.0,50.0,9.0,29.0,0.0,3.0,11.0,1.0,50.0,4.0
223,680b1ddfd50c4397b365c9c00f09b0d1,Wylie & 2nd,49.267725,-123.11311,11,6,2023-02-13 19:22:31.401000+00:00,144,6,True,0,18,True,True,1676315943,31.0,0.0,1.0,18.0,8.0,50.0,19.0,50.0,1.0,4.0,10.0,2.0,50.0,50.0
224,b26f83e904f3a778466ebcd763b7316a,29th & Cambie,49.245135,-123.116098,11,9,2023-02-13 19:22:31.460000+00:00,526,9,True,0,20,True,True,1676316082,0.0,0.0,4.0,16.0,1.0,14.0,1.0,1.0,0.0,2.0,9.0,0.0,23.0,0.0
225,6620c54bd6b3a79800b2b67e999b24d0,Rolston & Granville,49.274232,-123.129998,9,7,2023-02-13 19:22:31.715000+00:00,314,7,True,0,16,True,True,1676315752,50.0,0.0,4.0,37.0,10.0,50.0,25.0,50.0,0.0,3.0,18.0,2.0,50.0,17.0
226,7f091b50fbbd892bf9fb869a64c47120,East Blvd & 37th,49.238105,-123.154966,11,9,2023-02-13 19:22:31.618000+00:00,482,7,True,2,20,True,True,1676315891,1.0,0.0,2.0,7.0,0.0,50.0,0.0,1.0,0.0,1.0,4.0,1.0,48.0,0.0
227,57d39a680c9407cda0fb4de6d9c55138,28th & Willow,49.246243,-123.124373,10,10,2023-02-13 19:22:31.406000+00:00,505,4,True,6,20,True,True,1676315782,0.0,0.0,4.0,7.0,1.0,19.0,1.0,0.0,0.0,2.0,8.0,0.0,28.0,2.0
228,97388f4e4ea102a30345524bda465f4e,Ontario & 23rd,49.249722,-123.104991,5,7,2023-02-13 19:22:31.719000+00:00,554,5,True,2,12,True,True,1676315764,14.0,0.0,0.0,19.0,0.0,50.0,2.0,16.0,0.0,0.0,10.0,0.0,50.0,0.0
229,066ecc3584913fa035ec1417323beb80,30th & Ontario,49.243375,-123.104978,13,9,2023-02-13 19:22:31.658000+00:00,557,9,True,0,22,True,True,1676315864,8.0,0.0,0.0,15.0,1.0,50.0,1.0,11.0,0.0,0.0,5.0,0.0,50.0,0.0
230,b530d04d393d71cffb8b8b07f4a82380,Franklin & Nanaimo,49.282087,-123.056909,13,7,2023-02-13 19:22:31.609000+00:00,642,2,True,5,20,True,True,1676316055,9.0,0.0,3.0,5.0,0.0,46.0,4.0,11.0,0.0,4.0,6.0,0.0,50.0,0.0
231,06bdc4d55f34b2a491305534fd5defda,Lakewood & Triumph,49.283968,-123.061615,8,9,2023-02-13 19:22:31.589000+00:00,631,9,True,0,16,True,True,1676315909,13.0,0.0,3.0,5.0,0.0,43.0,3.0,10.0,0.0,3.0,4.0,0.0,50.0,1.0
232,8e44a17d2fa446ca220b90c7063b42ca,Wall & Eton,49.287464,-123.060771,8,10,2023-02-13 19:22:31.437000+00:00,611,9,True,1,18,True,True,1676316068,9.0,0.0,2.0,4.0,0.0,47.0,1.0,10.0,0.0,3.0,4.0,0.0,50.0,0.0
233,7c17f51469f1a7145455f65ef6afbd87,Lakewood & Oxford,49.285575,-123.061575,9,9,2023-02-13 19:22:31.562000+00:00,621,6,True,3,18,True,True,1676316108,13.0,0.0,3.0,5.0,0.0,50.0,3.0,10.0,0.0,3.0,4.0,0.0,50.0,1.0
234,e1432b72df561a1df34290679ec9c773,22nd & Cambie,49.251358,-123.115637,8,6,2023-02-13 19:22:31.434000+00:00,532,3,True,3,14,True,True,1676316079,3.0,0.0,4.0,9.0,0.0,35.0,1.0,3.0,0.0,2.0,10.0,0.0,50.0,1.0
235,549f00f6039e8bb702a00dcca08a8ed0,King Edward & Cambie,49.249184,-123.116141,9,8,2023-02-13 19:22:31.461000+00:00,524,3,True,5,18,True,True,1676315738,3.0,0.0,4.0,12.0,0.0,32.0,1.0,2.0,0.0,2.0,10.0,0.0,48.0,0.0
236,d8c4fe5e09b6f010fbaa85cc7302d66b,Heather & 29th,49.245535,-123.120496,11,11,2023-02-13 19:22:31.519000+00:00,516,9,True,2,22,True,True,1676315757,0.0,0.0,4.0,10.0,1.0,20.0,1.0,1.0,0.0,2.0,7.0,0.0,26.0,1.0
237,0c42f45e4a14957ad4a6d521d0ba8bc3,Cardero & Robson,49.289255,-123.132677,10,16,2023-02-13 19:22:31.428000+00:00,41,16,True,0,26,True,True,1676316054,45.0,1.0,1.0,25.0,16.0,50.0,33.0,50.0,0.0,0.0,13.0,4.0,50.0,13.0
238,62a202eb98c0a4b09ba6746f5ee94ab3,Commercial & 20th,49.252656,-123.067965,17,0,2023-02-13 19:22:31.516000+00:00,352,0,True,0,20,True,True,1676315899,3.0,0.0,2.0,9.0,1.0,44.0,4.0,0.0,0.0,3.0,6.0,0.0,50.0,0.0
239,a6c6df138cbc97b9f81e7ffbbebdde6f,Hornby & Drake,49.277527,-123.129464,21,2,2023-02-13 19:22:31.540000+00:00,196,2,True,0,24,True,True,1676316133,50.0,2.0,4.0,31.0,19.0,50.0,33.0,50.0,0.0,3.0,15.0,5.0,50.0,20.0
240,04f64fde5ba1ebde8ad78c74914adb34,Burrard & 14th,49.259469,-123.145718,11,7,2023-02-13 19:22:31.527000+00:00,210,5,True,2,18,True,True,1676316035,13.0,0.0,9.0,14.0,3.0,50.0,5.0,13.0,0.0,4.0,8.0,1.0,50.0,3.0
