station_id,station_name,latitude,longitude,empty_slots,free_bikes,timestamp,extra.uid,extra.normal_bikes,extra.has_ebikes,extra.ebikes,extra.slots,extra.renting,extra.returning,extra.last_updated
7a19c49f486d7c0c02b3685d7b240448,10th & Cambie,49.262487,-123.114397,14,21,2023-02-13T19:22:31.595000Z,0001,17,True,4,35,True,True,1676316003
32603a87cfca71d0f7dfa3513bad69d5,Yaletown-Roundhouse Station,49.274566,-123.121817,7,9,2023-02-13T19:22:31.591000Z,0004,8,True,1,16,True,True,1676315894
6d42fa40360f9a6b2bf641c7b8bb2862,Dunsmuir & Beatty,49.279764,-123.110154,13,13,2023-02-13T19:22:31.592000Z,0005,13,True,0,26,True,True,1676315968
66f873d641d448bd1572ab086665a458,12th & Yukon (City Hall),49.260599,-123.113504,14,2,2023-02-13T19:22:31.593000Z,0007,2,True,0,16,True,True,1676316133
485d4d24c803cfde829ab89699fed833,8th & Ash,49.264215,-123.117772,7,9,2023-02-13T19:22:31.604000Z,0008,7,True,2,16,True,True,1676315653
b07d513f87897cff7319a0e59d7e567c,Spyglass & Seawall,49.270877,-123.115103,3,11,2023-02-13T19:22:31.604000Z,0009,10,True,1,14,True,True,1676316111
d1c9556d92f329703229fb3e33899a3b,Stamps Landing,49.26893,-123.11813,12,2,2023-02-13T19:22:31.624000Z,0010,2,True,0,14,True,True,1676315587
95e624191c655f50e401d280cd39a9ad,Ontario & Seawall,49.271721,-123.104207,13,7,2023-02-13T19:22:31.624000Z,0011,6,True,1,20,True,True,1676315924
3e112f9fe877e0003780386359060ae6,Canada Place,49.287214,-123.11287,6,20,2023-02-13T19:22:31.622000Z,0014,19,True,1,26,True,True,1676315914
6993b3dbb0758927967592ea612a2b1e,Granville & Georgia,49.282409,-123.118541,9,11,2023-02-13T19:22:31.621000Z,0015,11,True,0,20,True,True,1676316058
bf8408067b0e0c963f3ff526977bcef3,Pender & Burrard,49.287097,-123.118551,13,13,2023-02-13T19:22:31.620000Z,0016,12,True,1,26,True,True,1676316036
d2244f1a81d317c76cabd65e81250835,Marinaside & Davie,49.273471,-123.118016,2,20,2023-02-13T19:22:31.619000Z,0017,19,True,1,22,True,True,1676316100
0b543fc4e694fe07a54dac48bb1b3390,Robson & Hornby,49.282758,-123.122092,22,7,2023-02-13T19:22:31.653000Z,0019,5,True,2,30,True,True,1676316118
1b4c6f63f4bfbbd983992dbdca776865,Cordova & Granville,49.286042,-123.113176,1,21,2023-02-13T19:22:31.678000Z,0021,21,True,0,22,True,True,1676316141
fbb1d30d7f30b049873f5be5688563d4,Hornby & Pender,49.28602,-123.116624,3,19,2023-02-13T19:22:31.691000Z,0024,14,True,5,22,True,True,1676316036
7181df50ee1d1a05559399211382b7c8,Homer & Robson (Vancouver Public Library),49.279739,-123.116251,13,7,2023-02-13T19:22:31.692000Z,0025,7,True,0,20,True,True,1676316134
2ef000bc9d4650d8cc6198c4d570b19f,Beatty & Robson,49.277483,-123.114279,15,3,2023-02-13T19:22:31.689000Z,0026,2,True,1,20,True,True,1676316110
b7683a86874e6300fd89f4cc0b075f57,Beatty & Nelson,49.275679,-123.116963,8,6,2023-02-13T19:22:31.690000Z,0027,5,True,1,14,True,True,1676316098
3367c1e1dbf73caf7c10e4c96a92f58d,Abbott & Cordova,49.282759,-123.106955,13,9,2023-02-13T19:22:31.388000Z,0030,9,True,0,22,True,True,1676316033
1d7e73b3321ebb6713774d376247d9f9,Comox & Denman,49.288444,-123.139203,3,15,2023-02-13T19:22:31.397000Z,0032,15,True,0,18,True,True,1676315642
664502c28e8147615f17b8ea355f40d0,Cordova & Bute,49.289124,-123.12196,5,12,2023-02-13T19:22:31.383000Z,0034,10,True,2,14,True,True,1676316013
6c24a62b5ee0a2a8014eb0dfb6d40025,Hornby & Nelson,49.28062,-123.12482,15,3,2023-02-13T19:22:31.384000Z,0037,1,True,2,18,True,True,1676316043
fad9ebcf614dd1a72593a34072ff76f8,Helmcken & Burrard,49.279938,-123.127478,3,12,2023-02-13T19:22:31.379000Z,0039,10,True,2,15,True,True,1676315712
3a4131fa94946d93d3529136efd62413,Pacific & Richards,49.273663,-123.127075,13,1,2023-02-13T19:22:31.429000Z,0044,1,True,0,14,True,True,1676316013
25318ec3e06fae1397a3a2f645104149,Chilco & Beach,49.28972,-123.144028,12,2,2023-02-13T19:22:31.431000Z,0047,2,True,0,14,True,True,1676315670
444991edc9550be0908f032da5e3c95f,Comox & Broughton,49.285253,-123.134356,8,4,2023-02-13T19:22:31.413000Z,0048,4,True,0,12,True,True,1676315950
434b6f4e7fc30198f901b60fc905f609,Bute & Comox,49.283343,-123.131099,15,7,2023-02-13T19:22:31.452000Z,0050,7,True,0,22,True,True,1676315833
f97d5bf41f35aa181288429fb52e3488,Cambie & Water,49.284605,-123.108662,8,24,2023-02-13T19:22:31.451000Z,0052,21,True,3,32,True,True,1676315973
fef69fb400210d861107a61db954d037,Keefer & Abbott,49.279821,-123.10802,2,26,2023-02-13T19:22:31.450000Z,0053,22,True,4,28,True,True,1676316131
9d3123425823420514b8ad410074f02d,Expo & Carrall,49.278004,-123.105664,9,7,2023-02-13T19:22:31.457000Z,0054,6,True,1,16,True,True,1676316049
f1ca711137cde59e824167a4274df888,Keefer & Columbia,49.279342,-123.101822,3,11,2023-02-13T19:22:31.456000Z,0055,9,True,2,14,True,True,1676316133
4f6ebf2026d540ffe40e29a80138ad5e,Marinaside & Cooperage,49.273833,-123.114373,4,22,2023-02-13T19:22:31.453000Z,0057,22,True,0,26,True,True,1676315857
be14efdc86dedd6a8cd338e78ab4e7c7,Bidwell & Burnaby,49.28526,-123.141809,7,19,2023-02-13T19:22:31.587000Z,0060,19,True,0,26,True,True,1676316065
6ddeafa873279951630a00191333c45d,Robson & Granville,49.281506,-123.120101,17,13,2023-02-13T19:22:31.585000Z,0063,10,True,3,30,True,True,1676315880
c7b5bec0b2f4ab9a2d3f9d837725620c,Expo & Smithe,49.276115,-123.114496,8,6,2023-02-13T19:22:31.574000Z,0064,5,True,1,14,True,True,1676315880
b9fd847d53fe45658fee4c46e7f562b8,Cypress & Cornwall,49.272827,-123.147744,12,10,2023-02-13T19:22:31.575000Z,0065,10,True,0,22,True,True,1676315931
c2be5403b1c101e8032cf6696457200e,Anderson & 2nd,49.269361,-123.13782,13,15,2023-02-13T19:22:31.574000Z,0066,15,True,0,28,True,True,1676316108
71c064fa93cab5f0b7306e6c923b77c4,7th & Granville,49.2653,-123.13811,3,12,2023-02-13T19:22:31.591000Z,0069,12,True,0,14,True,True,1676316090
96bf713e60bc35cc2feb5fd53a4f3471,10th & Granville,49.262598,-123.138921,11,3,2023-02-13T19:22:31.611000Z,0070,1,True,2,14,True,True,1676315565
8dc684732a2a25bdf63ec0ecccee4e6e,14th & Granville,49.25894,-123.139272,5,9,2023-02-13T19:22:31.610000Z,0071,5,True,4,14,True,True,1676315727
686c0fdb962e26e274d81fc286c010dd,14th & Cambie,49.258763,-123.115392,9,5,2023-02-13T19:22:31.613000Z,0072,3,True,2,14,True,True,1676316029
0cf6cd1809fa7f510812f5b052f578c4,Ontario & 5th,49.266724,-123.104824,7,14,2023-02-13T19:22:31.612000Z,0073,12,True,2,20,True,True,1676315973
93c88a18c673e2c72a6afa93d6b89f18,10th & Main,49.262141,-123.101961,15,3,2023-02-13T19:22:31.614000Z,0074,1,True,2,18,True,True,1676315656
8fb5ce1e34ad31de940481953aea452c,Cypress & 4th,49.268269,-123.147885,8,10,2023-02-13T19:22:31.616000Z,0076,10,True,0,18,True,True,1676316094
aa704bfba40286bd0661b64d1f75e778,Vanier Park,49.275717,-123.142564,3,25,2023-02-13T19:22:31.615000Z,0077,25,True,0,28,True,True,1676316145
8c9ea7f2132376859ef34fab981d6932,Nelson & Mainland,49.276436,-123.11877,9,11,2023-02-13T19:22:31.618000Z,0078,10,True,1,20,True,True,1676315968
1d4153659a0a0a2089078c739df6737d,Nelson & Richards,49.277844,-123.120942,9,9,2023-02-13T19:22:31.617000Z,0079,3,True,6,18,True,True,1676316096
fbb4c06b719596c21f91fd51ef6d4710,7th & Heather,49.265089,-123.119425,4,14,2023-02-13T19:22:31.674000Z,0081,12,True,2,18,True,True,1676316104
72c1049dfbbde7c24ec45c14f1a5ee85,Harwood & Bute,49.28026,-123.135244,20,0,2023-02-13T19:22:31.671000Z,0088,0,True,0,20,True,True,1676315727
00fa94ad698dc4a9e4d708d6fd32f294,Chilco & Barclay,49.291909,-123.140713,18,0,2023-02-13T19:22:31.719000Z,0092,0,True,0,18,False,False,0
efa947b901a2cf85b58320b3ad26a2fe,Chilco & Robson,49.293257,-123.138563,9,7,2023-02-13T19:22:31.718000Z,0093,7,True,0,16,True,True,1676316029
66a53e9c32e4f5c724f9478240020142,Nicola & Robson,49.288011,-123.132006,11,7,2023-02-13T19:22:31.716000Z,0096,7,True,0,18,True,True,1676316083
97b25faf822b93fdbf72da1d594c0288,Carrall & Hastings,49.28117,-123.104419,0,18,2023-02-13T19:22:31.715000Z,0098,15,True,3,18,True,True,1676316081
6c7fb9043e6df5a4cc50404581a947b9,šxʷƛ̓ənəq Xwtl'e7énḵ Square - Vancouver Art Gallery,49.283227,-123.120523,21,6,2023-02-13T19:22:31.714000Z,0099,4,True,2,28,True,True,1676315804
30bf49544b1c864688b78172d42cca5e,Stanley Park - Vancouver Aquarium,49.299292,-123.130281,6,10,2023-02-13T19:22:31.502000Z,0101,10,True,0,16,True,True,1676315862
9f63cebac9073eac3e90be2b9a91b02b,Stanley Park - Second Beach North,49.29534,-123.150433,4,12,2023-02-13T19:22:31.507000Z,0102,10,True,2,16,True,True,1676316006
9aa325529164ec68b4d96c4f1c4fc7c1,Stanley Park - Second Beach South,49.294318,-123.148808,10,8,2023-02-13T19:22:31.498000Z,0104,7,True,1,18,True,True,1676316058
e3d32ad772a5898c3b96c4d23d2cd542,Stanley Park - Totem Poles,49.298657,-123.121176,10,10,2023-02-13T19:22:31.496000Z,0105,10,True,0,20,True,True,1676315847
625a2ad202275c8e2be3ce868e85b105,Heather & 14th,49.259183,-123.120126,10,8,2023-02-13T19:22:31.501000Z,0106,8,True,0,18,True,True,1676315978
6c0de983fb47a3439a9e3c36a3d15804,8th & Ontario,49.263837,-123.105173,13,3,2023-02-13T19:22:31.499000Z,0107,3,True,0,16,True,True,1676316093
92c9e62c0b42adf4759c430009d3987a,1st & Chestnut,49.270721,-123.146175,17,9,2023-02-13T19:22:31.493000Z,0108,8,True,1,26,True,True,1676315723
51e4d3731aebbf9c3186f310a08de6c8,7th & Arbutus,49.265605,-123.152566,7,9,2023-02-13T19:22:31.492000Z,0109,9,True,0,16,True,True,1676315559
826af7eee4ce28b6fa4b4f0211305792,5th & Arbutus,49.267222,-123.153157,11,5,2023-02-13T19:22:31.447000Z,0110,5,True,0,16,True,True,1676315995
4cb84c9a3743287019ae00ceef9a1cd3,10th & Oak,49.262255,-123.126217,13,13,2023-02-13T19:22:31.446000Z,0112,3,True,10,30,True,True,1676316079
56fef9ba0af67a4ff3e661a8e02c0b08,Arbutus & 16th,49.257654,-123.153212,25,15,2023-02-13T19:22:31.447000Z,0113,5,True,10,40,True,True,1676315957
c81f75a80312c51ceaef1304beac1990,Cypress & 14th,49.25919,-123.148268,9,3,2023-02-13T19:22:31.449000Z,0114,3,True,0,12,True,True,1676316119
afacb2133f2462aba7748cc21b71c788,Cypress & 16th,49.25741,-123.148531,5,7,2023-02-13T19:22:31.450000Z,0115,5,True,2,12,True,True,1676315667
a9f0b06d07f89b75e92c0cf686223aea,Georgia & Thurlow,49.285953,-123.124066,4,8,2023-02-13T19:22:31.419000Z,0123,8,True,0,12,True,True,1676315636
686b314a6c3348efd2297d6b3dfed1a7,Thurlow & Pendrell,49.280881,-123.130672,14,1,2023-02-13T19:22:31.416000Z,0126,1,True,0,16,True,True,1676316142
0d1b5c62f8d22e3650811df55596e25b,Heather & 16th,49.256845,-123.120071,6,5,2023-02-13T19:22:31.398000Z,0130,5,True,0,12,True,True,1676315604
521c2122c791ed038168c3b8ff24061b,14th & Ontario,49.25849,-123.104799,9,7,2023-02-13T19:22:31.381000Z,0132,5,True,2,16,True,True,1676315941
838d5bb59963474ad08a6d5b156943ed,14th & Main,49.258425,-123.100792,9,5,2023-02-13T19:22:31.369000Z,0134,5,True,0,14,True,True,1676315610
b9ab6ce009eda6006ade1d7568d9db9c,David Lam Park - West,49.270905,-123.126006,5,13,2023-02-13T19:22:31.378000Z,0136,13,True,0,18,True,True,1676316147
9ec4163496363b31ab475cb851b57b21,Beach & Seymour,49.273568,-123.129935,9,9,2023-02-13T19:22:31.379000Z,0137,9,True,0,18,True,True,1676316080
fedff7a263c182df94bda7307059cc52,Richards & Helmcken,49.277141,-123.122589,14,2,2023-02-13T19:22:31.701000Z,0138,1,True,1,18,True,True,1676315949
b9baf685b7053de899bf3467f61c2781,Burrard & 4th,49.267859,-123.145782,6,10,2023-02-13T19:22:31.709000Z,0139,10,True,0,16,True,True,1676316026
8d6f0cbf7d44d2908c8ce73ed00dbf66,Burrard & 7th,49.265336,-123.145823,9,7,2023-02-13T19:22:31.399000Z,0140,7,True,0,16,True,True,1676316117
988f8f74c4a12d1a30ddf2f7cd6318f8,South False Creek Seawall,49.267628,-123.127698,4,10,2023-02-13T19:22:31.400000Z,0143,7,True,3,14,True,True,1676315996
2f09a64507cf6257c67ca20af27339eb,Chestnut & McNicoll,49.275938,-123.145939,14,2,2023-02-13T19:22:31.402000Z,0147,2,True,0,16,True,True,1676315902
73f388336d879bedc962cd412eb0296e,Creekside Park North,49.2756,-123.102661,8,8,2023-02-13T19:22:31.404000Z,0148,7,True,1,18,True,True,1676316071
cb6fddfdac7d350d25be475c7ab9e05a,Alexander & Main,49.284157,-123.099917,7,13,2023-02-13T19:22:31.667000Z,0150,6,True,7,20,True,True,1676316036
cadc004f0903ef45e898032143c0832f,Arbutus Greenway & 14th,49.258924,-123.152591,13,7,2023-02-13T19:22:31.712000Z,0152,6,True,1,20,True,True,1676315630
57e928d8c30fab0ebffb3ede850f89d6,Arbutus Greenway & Fir,49.266774,-123.141135,4,12,2023-02-13T19:22:31.713000Z,0153,8,True,4,16,True,True,1676316057
6526a2eb3832f9ba0224d237e901ea5b,Kitsilano Beach Park,49.273355,-123.154493,14,24,2023-02-13T19:22:31.711000Z,0154,22,True,2,39,True,True,1676315771
e44c2235dd603dbee54fe08f7543e85a,Arbutus & McNicoll,49.276144,-123.151272,11,19,2023-02-13T19:22:31.711000Z,0155,14,True,5,30,True,True,1676316016
3596b4831ee2ea7812de753b32306835,Vine & 4th,49.268339,-123.157443,11,7,2023-02-13T19:22:31.720000Z,0159,7,True,0,18,True,True,1676315968
c448b73d92f7f8e1daafb3b9c5fbe6a6,Alexander & Dunlevy,49.284062,-123.095097,10,4,2023-02-13T19:22:31.602000Z,0161,3,True,1,14,True,True,1676316142
5fc29e0ac42c11abb45bf12aaeb925bd,Alder & 11th,49.261742,-123.13148,7,7,2023-02-13T19:22:31.702000Z,0166,3,True,4,14,True,True,1676316137
61901a235d4cfceb7f8f2c3888b98617,10th & Columbia,49.262206,-123.109091,9,5,2023-02-13T19:22:31.565000Z,0172,4,True,1,14,True,True,1676315870
175a074bf65455d1633639511dc129c8,1st & Manitoba,49.27023,-123.10651,27,4,2023-02-13T19:22:31.566000Z,0174,4,True,0,32,True,True,1676315955
35eb539fb9298bb7e4f6759ca0256505,10th & Ontario,49.262062,-123.104656,6,14,2023-02-13T19:22:31.568000Z,0176,7,True,7,20,True,True,1676315885
7b8dfa12900bcb02b47a14e4e5010ba3,Quebec & 1st,49.27033,-123.10275,6,14,2023-02-13T19:22:31.569000Z,0177,13,True,1,20,True,True,1676316082
b30ed0719dd281867a4d39779c78b58a,Columbia & 14th,49.258902,-123.109596,10,4,2023-02-13T19:22:31.572000Z,0180,4,True,0,14,True,True,1676316078
e1a4d91fdae7e18483373f648141e53e,Bute & Davie,49.282224,-123.132778,16,2,2023-02-13T19:22:31.570000Z,0187,2,True,0,20,True,True,1676316130
ace20c241ee38643c9060f290b215b9d,7th & Laurel,49.265071,-123.123864,4,10,2023-02-13T19:22:31.538000Z,0191,8,True,2,14,True,True,1676316107
3aed670ccdcd94b966c0f505f8b028c7,7th &  Alder,49.265198,-123.131043,12,4,2023-02-13T19:22:31.535000Z,0192,4,True,0,16,True,True,1676315613
ae69aeab748d02e5a7d89da28a1a8511,Science World,49.273691,-123.102232,3,13,2023-02-13T19:22:31.536000Z,0193,12,True,1,16,True,True,1676315870
0c9ad3e3703e5869b82619ecdf54f43e,1st & Scotia,49.2685027,-123.0975014,4,16,2023-02-13T19:22:31.541000Z,0197,13,True,3,20,True,True,1676316116
852212d6d52b5f00544fad01d21c7db2,Georgia & Main,49.278529,-123.100017,8,12,2023-02-13T19:22:31.530000Z,0199,12,True,0,20,True,True,1676315940
f3708906ec71348f5a42579fede36a0d,Shaw Tower,49.288682,-123.11818,6,9,2023-02-13T19:22:31.478000Z,0201,9,True,0,18,True,True,1676316008
d145b7498709289702095a4a2fcb2e03,Pine & 14th,49.258864,-123.14353,12,0,2023-02-13T19:22:31.477000Z,0203,0,True,0,12,False,False,0
9449a6a83fbf88452e384350e5ac95b7,York & Yew,49.271741,-123.155421,15,5,2023-02-13T19:22:31.472000Z,0204,5,True,0,20,True,True,1676315882
365da33e9ce06ea53db1173a0f8eae71,Pine & 10th,49.262822,-123.14338,16,4,2023-02-13T19:22:31.474000Z,0205,4,True,0,20,True,True,1676315933
707c1c54e0278fbae5d0ae3c42a25b71,8th & Scotia,49.263635,-123.099236,5,6,2023-02-13T19:22:31.470000Z,0206,6,True,0,12,True,True,1676315741
5105df3dd0daf4c26980f4134f61e5cc,Alberni & Jervis,49.28763,-123.127245,13,7,2023-02-13T19:22:31.471000Z,0207,6,True,1,20,True,True,1676316107
82c794442f54fabf9db6e392ca1fac0f,Stanley Park - Information Booth,49.297933,-123.130758,9,11,2023-02-13T19:22:31.485000Z,0209,11,True,0,20,True,True,1676315947
2ca388bba54706770900ca2a9d7aa5be,14th & Alder,49.258819,-123.131317,6,8,2023-02-13T19:22:31.525000Z,0211,8,True,0,14,True,True,1676315736
e7bf01431a6982f032996ad50a9e5bd7,Pender & Gore,49.280284,-123.097052,5,9,2023-02-13T19:22:31.668000Z,0213,9,True,0,14,True,True,1676315881
1648ead5ea617d2cea115869d9516f5e,Carrall & Seawall,49.276294,-123.106534,4,14,2023-02-13T19:22:31.704000Z,0218,13,True,1,18,True,True,1676315885
91035fe1d70b65c9cb8ec4a007af7c7f,Glen & Union,49.277469,-123.081315,5,8,2023-02-13T19:22:31.692000Z,0221,7,True,1,14,True,True,1676315714
d3aaff4414a8c3fd5480c470f77ff68a,Adanac & McLean,49.277665,-123.073653,1,21,2023-02-13T19:22:31.484000Z,0222,19,True,2,22,True,True,1676315873
b307709b305dd04328fbbf2c6db86419,Commercial & Adanac,49.277436,-123.070427,13,3,2023-02-13T19:22:31.694000Z,0223,2,True,1,16,True,True,1676315828
e9c4bd1fffbb1e5b058b8ea15f7307f6,Pender & Commercial,49.280332,-123.070068,8,8,2023-02-13T19:22:31.699000Z,0224,7,True,1,16,True,True,1676315861
bb0847559ce71c93d8215c0997ea2811,Keefer & Princess,49.279369,-123.091241,8,6,2023-02-13T19:22:31.677000Z,0229,5,True,1,14,True,True,1676316123
1ef5c4ff3f0b09422bb1597fd9d7568b,Alexander & Railway,49.283992,-123.091206,11,9,2023-02-13T19:22:31.487000Z,0230,8,True,1,20,True,True,1676315987
ac3b8198f03754a0afb8b6ed6d220cdd,Napier & Commercial,49.274881,-123.069323,7,7,2023-02-13T19:22:31.407000Z,0231,2,True,5,14,True,True,1676316120
029a505bd4422a1afd127987757f71a6,Britannia Parking Lot,49.275882,-123.071865,3,11,2023-02-13T19:22:31.403000Z,0232,11,True,0,14,True,True,1676315865
0459b7e93703980b853cd65a9dc60596,Thornton & National,49.273777,-123.092723,8,6,2023-02-13T19:22:31.435000Z,0233,5,True,1,14,True,True,1676315587
a21f40838346e300063bdda3c5c04105,Keith & 6th,49.265005,-123.079481,18,10,2023-02-13T19:22:31.608000Z,0236,7,True,3,28,True,True,1676316003
209fb233aff275020a640c8c40a18d90,Glen & 6th,49.265024,-123.08127,12,8,2023-02-13T19:22:31.513000Z,0237,8,True,0,20,True,True,1676315654
6b1622540fe5c85d365754dd8c20bf0c,Grant & Commercial,49.271377,-123.069416,11,3,2023-02-13T19:22:31.669000Z,0239,1,True,2,14,True,True,1676315689
ebc551adb0fc1a684f4080e4954a9ba4,2nd & Commercial,49.268616,-123.069908,16,6,2023-02-13T19:22:31.643000Z,0240,5,True,1,22,True,True,1676316055
6eaa02e5bcf78db5386683d38fa2dabd,4th & Commercial,49.266969,-123.069936,7,7,2023-02-13T19:22:31.657000Z,0241,5,True,2,14,True,True,1676315628
983e58671adcc67af94457d7887dbb15,8th & Commercial,49.263242,-123.070521,21,17,2023-02-13T19:22:31.481000Z,0242,14,True,3,38,True,True,1676315800
797ff1725f8d2b18337de51e240ff60d,10th & Commercial,49.261403,-123.070102,22,4,2023-02-13T19:22:31.666000Z,0244,3,True,1,26,True,True,1676315630
277b4b4881bdb7dac73012672179def8,Woodland & 10th,49.261263,-123.073707,10,4,2023-02-13T19:22:31.599000Z,0245,4,True,0,14,True,True,1676316146
e1ff428dadc7c32141b9d89a7b56728a,Glen & Broadway,49.262242,-123.081459,12,6,2023-02-13T19:22:31.594000Z,0246,5,True,1,18,True,True,1676316120
012d3e06901cc222b1c2cf0a2ace3a29,St George & Broadway,49.262321,-123.09306,8,6,2023-02-13T19:22:31.458000Z,0248,5,True,1,14,True,True,1676315845
a6455af6b689bcbad07ae2c8a3419b50,7th & Woodland,49.264251,-123.073853,10,2,2023-02-13T19:22:31.603000Z,0249,2,True,0,12,True,True,1676315604
475627e149c1a6ba73caac8d8d2fa617,Woodland & 4th,49.266751,-123.073501,11,4,2023-02-13T19:22:31.606000Z,0250,3,True,1,14,True,True,1676316147
f387ec226c432c5c054e3d3616d90501,Woodland & Graveley,49.270684,-123.073562,7,5,2023-02-13T19:22:31.655000Z,0252,0,True,5,12,True,True,1676316036
1675a77b9af656faf527b4e6de53e63b,Charles & Woodland,49.2731,-123.0732,5,9,2023-02-13T19:22:31.607000Z,0253,6,True,3,14,True,True,1676316021
1bca0e944a4faf170db82793414b03ab,18th & Main,49.254667,-123.101389,10,6,2023-02-13T19:22:31.625000Z,0255,5,True,1,16,True,True,1676315767
d0782213f003ce9eb276fbceff44f1f4,Prince Edward & 16th,49.256694,-123.096579,9,5,2023-02-13T19:22:31.642000Z,0256,1,True,4,14,True,True,1676316074
1ef01f2f89621d51afbabaa6296e55be,Prince Edward & 14th,49.258352,-123.096337,9,5,2023-02-13T19:22:31.640000Z,0257,5,True,0,14,True,True,1676315727
c47a1f62ea461ce1c9f3e2478c657df6,13th & St George,49.258817,-123.092797,5,11,2023-02-13T19:22:31.570000Z,0258,8,True,3,16,True,True,1676315683
0cee06d7d10f7d3162cea03d22b7beed,10th & Fraser,49.26151,-123.089413,10,4,2023-02-13T19:22:31.459000Z,0260,0,True,4,14,True,True,1676315903
f62bc2bfe9a0a563d5b6745ce6d962ba,8th & Fraser,49.263382,-123.088837,10,6,2023-02-13T19:22:31.460000Z,0261,6,True,0,16,True,True,1676316015
1c8f7fd6535db12cc45cfc59aa9da058,St Catherines & 10th,49.261353,-123.085333,9,3,2023-02-13T19:22:31.489000Z,0265,3,True,0,12,True,True,1676316069
17a3320a52bcc62161908967f8a06613,St Catherines & 7th,49.264466,-123.085183,15,5,2023-02-13T19:22:31.490000Z,0266,4,True,1,20,True,True,1676315690
aed214941445e0345aa3254805a9e8b8,Pender & Victoria,49.280197,-123.065859,12,4,2023-02-13T19:22:31.561000Z,0272,2,True,2,16,True,True,1676315640
d67640af1b3b3b3ce47169dbc9182470,Victoria & 4th,49.266725,-123.065925,11,5,2023-02-13T19:22:31.560000Z,0273,0,True,5,16,True,True,1676315955
b2c6aaf2b4fa8937bfe3941c038683aa,Victoria & 10th,49.261188,-123.066009,8,4,2023-02-13T19:22:31.559000Z,0274,1,True,3,12,True,True,1676316065
0a43242bee10cd33f539af2c1bf5ecbf,15th & Victoria (Trout Lake),49.256857,-123.065646,12,5,2023-02-13T19:22:31.432000Z,0278,4,True,1,18,True,True,1676315730
198810b9b0af5d229d1b6fa12c620e06,Triumph & Victoria,49.283986,-123.065264,10,6,2023-02-13T19:22:31.467000Z,0280,6,True,0,16,True,True,1676316112
d02e2eaafda91425eddd24d8acd328ab,Windsor & 14th,49.257985,-123.083366,8,6,2023-02-13T19:22:31.468000Z,0281,4,True,2,14,True,True,1676315989
08c7a90bf297fde8c1f1156db13987d4,14th & Fraser,49.257939,-123.089531,14,2,2023-02-13T19:22:31.464000Z,0282,0,True,2,16,True,True,1676315570
97005696a3dff3366a8410b817388990,15th & Knight,49.256496,-123.075426,7,7,2023-02-13T19:22:31.465000Z,0283,6,True,1,14,True,True,1676315930
c52e51e3288a00993bdf892fdc2c2c2c,Commercial & Pandora,49.283236,-123.070443,4,12,2023-02-13T19:22:31.462000Z,0285,11,True,1,16,True,True,1676315995
7d231a181d21056e4ba80c4d9939fe92,Carolina & Great Northern Way,49.267266,-123.090786,6,10,2023-02-13T19:22:31.462000Z,0287,10,True,0,16,True,True,1676316107
dcf3d5c9f1b3a46f0ef2eb2247931f89,6th & Prince Edward,49.265242,-123.095577,11,5,2023-02-13T19:22:31.522000Z,0297,5,True,0,16,True,True,1676315986
9bee3167f10c884044cea0d36afcd1ef,6th & Carolina,49.265213,-123.090785,10,6,2023-02-13T19:22:31.514000Z,0298,5,True,1,16,True,True,1676316058
45a4c865db23e1cad0209afa5a799de0,Stanley Park - Third Beach Parking Lot,49.302577,-123.155616,23,15,2023-02-13T19:22:31.505000Z,0103,14,True,1,38,True,True,1676315944
fe0c57d04d6e682d284d501446095fc9,Union & Dunlevy,49.277595,-123.09583,10,6,2023-02-13T19:22:31.670000Z,0212,6,True,0,16,True,True,1676316145
b10d422b045805f1c350c47c983381e8,Keefer & Hawks,49.279235,-123.087528,3,13,2023-02-13T19:22:31.676000Z,0228,13,True,0,16,True,True,1676315567
4e8fdc99e77ba1b70d90e124a704d0c1,Hawks & Union,49.277333,-123.087359,9,7,2023-02-13T19:22:31.703000Z,0219,7,True,0,16,True,True,1676315740
b562f08327af465e4531e20226789489,Charles & Commercial,49.273103,-123.069892,17,5,2023-02-13T19:22:31.389000Z,0235,1,True,4,22,True,True,1676315798
4ac99b928a91d8ccb785c9d0b805adb6,10th & Kingsway,49.261973,-123.09725,13,6,2023-02-13T19:22:31.571000Z,0186,3,True,3,20,True,True,1676316113
99c81f71db35911c79a86a1c5edc5604,Beach & Hornby,49.275295,-123.132585,12,6,2023-02-13T19:22:31.430000Z,0045,5,True,1,18,True,True,1676315879
e12234b6f1299d178f34bffaca92f043,Burrard Station (Melville & Dunsmuir),49.285871,-123.12105,13,15,2023-02-13T19:22:31.598000Z,0002,15,True,0,28,True,True,1676315965
5a34495280727a5b50b9aa41e14e9a16,Bute & Barclay,49.284893,-123.128685,10,4,2023-02-13T19:22:31.408000Z,0300,4,True,0,14,True,True,1676315629
9130f9aa3bb037a04c17e6f2630327e5,8th & Yukon,49.263962,-123.112621,9,13,2023-02-13T19:22:31.562000Z,0170,13,True,0,22,True,True,1676316011
9a48ca226f82f52d02707b054ebc7e9e,Princess & Union,49.277615,-123.091654,6,6,2023-02-13T19:22:31.532000Z,0215,6,True,0,12,True,True,1676315887
b3bb9f58d3530d33a1a09b6be9e973e0,Dunsmuir & Richards,49.282214,-123.114101,9,13,2023-02-13T19:22:31.623000Z,0012,11,True,2,22,True,True,1676315570
c2f4e05c01ea0d27934ac7dbc50cbd0c,5th & Main,49.266456,-123.100324,7,13,2023-02-13T19:22:31.528000Z,0198,12,True,1,20,True,True,1676315991
9a5478470b56379c31cf4e671584d5cc,3rd & Quebec,49.268216,-123.103168,2,17,2023-02-13T19:22:31.510000Z,0119,17,True,0,20,True,True,1676315987
257715b845828e027ff35dd0f11c971e,Richards & Cordova,49.284554,-123.111031,8,16,2023-02-13T19:22:31.418000Z,0124,14,True,2,24,True,True,1676315836
910027847876403b57f1013c16504688,Richards & Robson,49.280216,-123.117639,11,11,2023-02-13T19:22:31.430000Z,0129,9,True,2,22,True,True,1676315822
06487275cd19694152824c7c3088e8ff,Olympic Village Station,49.266314,-123.116011,10,16,2023-02-13T19:22:31.593000Z,0006,15,True,1,26,True,True,1676316119
b428c0e64d9b9fdb3bf8e85c95ffdf6b,Campbell & Hastings,49.280852,-123.084746,6,8,2023-02-13T19:22:31.511000Z,0227,7,True,1,14,True,True,1676315658
d085c6749a32517e1fb0d070e4128402,Cardero & Davie,49.285512,-123.1384,15,3,2023-02-13T19:22:31.427000Z,0040,3,True,0,18,True,True,1676316075
a6aec7b8c25da4c02829cd7839b8933d,Aquatic Centre,49.27821,-123.136972,12,22,2023-02-13T19:22:31.676000Z,0083,22,True,0,35,True,True,1676315759
c924f6a41b130fad49cfae47271314bc,Beach & Broughton,49.281301,-123.139108,6,16,2023-02-13T19:22:31.672000Z,0084,15,True,1,22,True,True,1676316018
8e93d0da1ee6caadf21ed9575b5fa9da,Beach & Cardero,49.283298,-123.142288,1,20,2023-02-13T19:22:31.401000Z,0142,18,True,2,22,True,True,1676316145
9413725a5d3bb5ce2ad0682b07a3ffab,Georgia & Homer,49.280787,-123.115271,16,2,2023-02-13T19:22:31.405000Z,0305,1,True,1,18,True,True,1676315871
7ed043a19e6a4ece742fe747b663bdbf,Columbia & 5th,49.266476,-123.109389,4,14,2023-02-13T19:22:31.605000Z,0165,14,True,0,18,True,True,1676315994
ce5dccf5a0f190bb4567a2fd93e7971e,Haro & Denman,49.290587,-123.13625,4,14,2023-02-13T19:22:31.421000Z,0122,14,True,0,20,True,True,1676316139
844aa75af0d3235a86ff827c81395afd,Stanley Park - Prospect Point,49.312568,-123.144177,16,6,2023-02-13T19:22:31.504000Z,0100,5,True,1,22,True,True,1676316026
1d442ad1a71774c82688a45954e47bfd,Arbutus & 10th,49.262835,-123.152626,13,5,2023-02-13T19:22:31.613000Z,0075,5,True,0,18,True,True,1676315824
2781435bde344e1b64f1bebac6bc9008,Ontario & 16th,49.256825,-123.105234,10,4,2023-02-13T19:22:31.382000Z,0133,0,True,4,14,True,True,1676315939
e9b37f2d9b7b2e2e3ade73f13acb69b2,Richards & Davie,49.275683,-123.124388,8,6,2023-02-13T19:22:31.675000Z,0082,4,True,2,14,True,True,1676316120
fffd87607aaae16fbb1f71615cbe7d17,8th & Prince Edward,49.263518,-123.09568,11,6,2023-02-13T19:22:31.495000Z,0262,5,True,1,18,True,True,1676316083
da8b6e94f90ad41a3f8de10596992372,Jervis & Robson,49.28691,-123.128818,18,1,2023-02-13T19:22:31.708000Z,0310,1,True,0,20,True,True,1676315729
32f70f7ae14ba87523c6286a6c4d5c37,Smithe & Burrard,49.282503,-123.124697,12,8,2023-02-13T19:22:31.533000Z,0217,7,True,1,20,True,True,1676315948
df5ab349a7a85d4b10da4cc3ec65c607,Broughton & Davie,49.283749,-123.136133,18,1,2023-02-13T19:22:31.673000Z,0087,0,True,1,22,True,True,1676315983
e0318460138ffbf4692005d5b5a9f900,Cypress & 10th,49.262944,-123.148109,9,5,2023-02-13T19:22:31.590000Z,0068,5,True,0,14,True,True,1676315948
db51c556fe50ec1deefbc9697c70cb51,Granville Island,49.27029,-123.135025,7,13,2023-02-13T19:22:31.573000Z,0189,9,True,4,20,True,True,1676315728
58a026f0c506caec20697a4f90538450,McLean & Pender,49.280427,-123.074082,7,9,2023-02-13T19:22:31.700000Z,0225,5,True,4,16,True,True,1676315997
0e0aef6fabaa808b3a3cef24657257a4,Richards & Smithe,49.279259,-123.119145,16,2,2023-02-13T19:22:31.448000Z,0058,0,True,2,18,True,True,1676315867
90c746df94ce1a12f1f617acfe4a8ce3,Bute & Robson,49.285836,-123.127265,11,15,2023-02-13T19:22:31.387000Z,0036,13,True,2,26,True,True,1676316128
80b5c12ef21fd47275d37b2c9935249c,Trafalgar & Cornwall,49.272969,-123.164325,14,6,2023-02-13T19:22:31.588000Z,0460,6,True,0,20,True,True,1676316065
899f59a9994302e8e1e4be01117ef707,Alma & Point Grey,49.27247,-123.185643,20,4,2023-02-13T19:22:31.706000Z,0410,2,True,2,24,True,True,1676315587
8d2d5bb3b9142f781f2a7f441e6bad7a,Point Grey & Blenheim,49.271471,-123.17731,8,6,2023-02-13T19:22:31.482000Z,0440,6,True,0,14,True,True,1676315989
5de0fe55497681d4cc9dd25509cf51ab,Hastings & Broughton,49.290112,-123.127062,11,12,2023-02-13T19:22:31.383000Z,0035,12,True,0,24,True,True,1676315966
2681455ba2d97283998a806b14d3e95c,Yew & Broadway,49.263523,-123.155267,12,6,2023-02-13T19:22:31.705000Z,0484,4,True,2,18,True,True,1676316138
064a7b39b1dbc4bfc4cf8f454e360c57,8th & Macdonald,49.264928,-123.168068,15,7,2023-02-13T19:22:31.508000Z,0452,7,True,0,22,True,True,1676316064
9c1397c06e07bf74fc049f1a0872eea0,Balaclava & Broadway,49.264483,-123.173926,2,16,2023-02-13T19:22:31.479000Z,0444,14,True,2,18,True,True,1676315887
9763838317308a4766b83696986a157b,Dunbar & Broadway,49.264579,-123.18373,24,2,2023-02-13T19:22:31.707000Z,0415,1,True,1,26,True,True,1676316128
c64ee19c62a363019ddbaedf71df2882,Grandview & Commercial,49.263746,-123.069892,10,6,2023-02-13T19:22:31.626000Z,0254,4,True,2,16,True,True,1676316146
421516af381a11f54d07fc79be68d3d3,14th & Oak,49.258761,-123.127071,10,3,2023-02-13T19:22:31.475000Z,0202,3,True,0,14,True,True,1676316050
38f045e3f43f86eae42ca4c60257ade0,Wallace & 4th,49.268974,-123.190701,9,9,2023-02-13T19:22:31.662000Z,0401,8,True,1,18,True,True,1676315953
5ba6e9725b1b0ee8cd25df976e47726b,Balsam & Cornwall,49.273011,-123.159663,13,7,2023-02-13T19:22:31.610000Z,0470,7,True,0,20,True,True,1676316145
f90ed7ad754ec04b7852941a480a4c77,Balaclava & 6th,49.266924,-123.173849,8,8,2023-02-13T19:22:31.445000Z,0443,7,True,1,16,True,True,1676315595
abfaf72456a4828a22f5bf60d3a80777,Trafalgar & Broadway,49.264326,-123.164725,8,8,2023-02-13T19:22:31.380000Z,0464,8,True,0,16,True,True,1676316011
2ff7eb4230654603592ab1b0780ec5e1,Dunbar & 6th,49.266636,-123.183661,10,6,2023-02-13T19:22:31.707000Z,0414,4,True,2,16,True,True,1676315901
ea9485fcdce0611243474d000e4ad248,18th & Cambie,49.254818,-123.114785,20,4,2023-02-13T19:22:31.433000Z,0531,0,True,4,24,True,True,1676315985
671ce9e4a92063620f772d2c57f0f3ab,Blenheim & 4th,49.268837,-123.177633,18,6,2023-02-13T19:22:31.436000Z,0431,6,True,0,23,True,True,1676315756
41a55a7e2908fbbd65175b794d26bc8d,18th & Heather,49.255034,-123.120226,9,7,2023-02-13T19:22:31.524000Z,0511,7,True,0,16,True,True,1676316146
a59924f0ff3fb481a7bd8a5e9c36858f,Point Grey & Bayswater,49.271044,-123.170661,8,8,2023-02-13T19:22:31.557000Z,0450,4,True,4,16,True,True,1676315958
89a0b49a66e54a7639ad960962148a3e,20th & Main,49.252691,-123.101289,10,6,2023-02-13T19:22:31.438000Z,0561,5,True,1,16,True,True,1676315689
44fc3d58831a9f2b919c7a3a1838b74a,Station & Terminal,49.272172,-123.097978,10,8,2023-02-13T19:22:31.517000Z,0354,8,True,0,18,True,True,1676315619
d40db8c27c5bd409d57cfa846f73c378,Jericho Beach,49.271082,-123.191458,14,20,2023-02-13T19:22:31.659000Z,0400,19,True,1,34,True,True,1676316134
4990fe5772f3b73eebeec125b41e478e,Burrard & Drake,49.27808,-123.130557,19,5,2023-02-13T19:22:31.671000Z,0089,5,True,0,24,True,True,1676315982
bf96df77771ef0ed710d8e0e67917f45,Columbia & 1st,49.269969,-123.109623,9,13,2023-02-13T19:22:31.565000Z,0173,13,True,0,24,True,True,1676315885
e75e83499d3fa2e174dc2a8ffd238119,Davie & Beach,49.287528,-123.142139,3,27,2023-02-13T19:22:31.693000Z,0028,24,True,3,30,True,True,1676316103
0438114d2e6b96118de69bc9775bb21e,Morton & Denman,49.28803,-123.142135,20,6,2023-02-13T19:22:31.388000Z,0031,6,True,0,26,True,True,1676315865
07b13214cb69f2ec007d888450f3d6bc,13th & Cambie,49.259579,-123.114769,11,3,2023-02-13T19:22:31.710000Z,0311,1,True,2,14,True,True,1676315711
f5e8fa1fc4252bda2f93dd27ed2d603f,Nelson & Denman,49.2890705989865,-123.138407369468,2,15,2023-02-13T19:22:31.717000Z,0313,15,True,0,18,True,True,1676315944
c2a9c5d0e4578b928554c86f3d2c1162,Melville & Bute,49.287782,-123.12395,5,9,2023-02-13T19:22:31.537000Z,0190,9,True,0,14,True,True,1676316045
5f45325fdd6334a4c0d3b62853b19fa6,Seymour & Cordova,49.28512,-123.11242,0,19,2023-02-13T19:22:31.521000Z,0308,16,True,3,19,True,True,1676315240
085a0e120a08a80a58c0ae0ff9da565a,Arbutus & Nanton,49.247854,-123.153422,13,5,2023-02-13T19:22:31.601000Z,0480,2,True,3,18,True,True,1676316136
8d5f47f01d7ad668419dfe9b7fe69c9a,Yukon & 6th,49.265939,-123.1129,7,9,2023-02-13T19:22:31.563000Z,0171,3,True,6,18,True,True,1676315759
bede4b24dae115d4cd43d2e6cc9812cb,11th & Kingsway,49.261122,-123.097571,7,4,2023-02-13T19:22:31.557000Z,0179,2,True,2,16,True,True,1676316109
680b1ddfd50c4397b365c9c00f09b0d1,Wylie & 2nd,49.267725,-123.11311,11,6,2023-02-13T19:22:31.401000Z,0144,6,True,0,18,True,True,1676315943
b26f83e904f3a778466ebcd763b7316a,29th & Cambie,49.245135,-123.116098,11,9,2023-02-13T19:22:31.460000Z,0526,9,True,0,20,True,True,1676316082
6620c54bd6b3a79800b2b67e999b24d0,Rolston & Granville,49.274232,-123.129998,9,7,2023-02-13T19:22:31.715000Z,0314,7,True,0,16,True,True,1676315752
7f091b50fbbd892bf9fb869a64c47120,East Blvd & 37th,49.238105,-123.154966,11,9,2023-02-13T19:22:31.618000Z,0482,7,True,2,20,True,True,1676315891
57d39a680c9407cda0fb4de6d9c55138,28th & Willow,49.246243,-123.124373,10,10,2023-02-13T19:22:31.406000Z,0505,4,True,6,20,True,True,1676315782
97388f4e4ea102a30345524bda465f4e,Ontario & 23rd,49.249722,-123.104991,5,7,2023-02-13T19:22:31.719000Z,0554,5,True,2,12,True,True,1676315764
066ecc3584913fa035ec1417323beb80,30th & Ontario,49.243375,-123.104978,13,9,2023-02-13T19:22:31.658000Z,0557,9,True,0,22,True,True,1676315864
b530d04d393d71cffb8b8b07f4a82380,Franklin & Nanaimo,49.282087,-123.056909,13,7,2023-02-13T19:22:31.609000Z,0642,2,True,5,20,True,True,1676316055
06bdc4d55f34b2a491305534fd5defda,Lakewood & Triumph,49.283968,-123.061615,8,9,2023-02-13T19:22:31.589000Z,0631,9,True,0,16,True,True,1676315909
8e44a17d2fa446ca220b90c7063b42ca,Wall & Eton,49.287464,-123.060771,8,10,2023-02-13T19:22:31.437000Z,0611,9,True,1,18,True,True,1676316068
7c17f51469f1a7145455f65ef6afbd87,Lakewood & Oxford,49.285575,-123.061575,9,9,2023-02-13T19:22:31.562000Z,0621,6,True,3,18,True,True,1676316108
e1432b72df561a1df34290679ec9c773,22nd & Cambie,49.251358,-123.115637,8,6,2023-02-13T19:22:31.434000Z,0532,3,True,3,14,True,True,1676316079
549f00f6039e8bb702a00dcca08a8ed0,King Edward & Cambie,49.249184,-123.116141,9,8,2023-02-13T19:22:31.461000Z,0524,3,True,5,18,True,True,1676315738
d8c4fe5e09b6f010fbaa85cc7302d66b,Heather & 29th,49.245535,-123.120496,11,11,2023-02-13T19:22:31.519000Z,0516,9,True,2,22,True,True,1676315757
0c42f45e4a14957ad4a6d521d0ba8bc3,Cardero & Robson,49.289255,-123.132677,10,16,2023-02-13T19:22:31.428000Z,0041,16,True,0,26,True,True,1676316054
62a202eb98c0a4b09ba6746f5ee94ab3,Commercial & 20th,49.252656,-123.067965,17,0,2023-02-13T19:22:31.516000Z,0352,0,True,0,20,True,True,1676315899
a6c6df138cbc97b9f81e7ffbbebdde6f,Hornby & Drake,49.277527,-123.129464,21,2,2023-02-13T19:22:31.540000Z,0196,2,True,0,24,True,True,1676316133
04f64fde5ba1ebde8ad78c74914adb34,Burrard & 14th,49.259469,-123.145718,11,7,2023-02-13T19:22:31.527000Z,0210,5,True,2,18,True,True,1676316035
